NodeID,Day,Room,Fraction,Patients,Weighted_Contrib
22feba829ea3b5d18d9bb59310cf7a2f,4,0,0.095613,23;126;187;204;235,0.478063
7087602b3589c25652ba333362db3672,4,0,0.167120,17;22;55;63;93;119,1.002720
b71fd8b583bd2afa2e40070dae7ea85d,4,0,0.168443,5;62;74;82;141,0.842215
f20c1c4beb04907482ada8e1d1a4a525,4,0,0.038928,8;19;130;145;204;238;241,0.272498
624abf8ab2795aa0f177078053ffadbb,4,0,0.133299,8;63;78;83;132;230;247,0.933093
597bb89e3e432fe98f299e57c464967e,4,0,0.170917,8;143;178;189;224,0.854583
73661327d8693c00600a91b9d6a90f58,4,0,0.107533,1;12;17;138;161;224,0.645198
88fc4f53e55fc8323db0c84f55dced7d,4,0,0.118148,3;28;29;66;99;113;115,0.827033
5de7d95a19b65c89251e473f6d3a5506,4,5,0.177169,22;51;80;86;101;139;148;154;155;169;177,1.948858
588e17dad72ee3bd7963ebeba4eff8ce,4,5,0.039675,47;49;81;100;205;233;249,0.277727
7f404b30211496b1db9716e359c564e5,4,5,0.020933,59;64;79;87;91;172;196;198;215;233,0.209333
4e300d9ae2952ae90c7157227e4db879,4,5,0.083256,24;31;88;119;126;134;194;208,0.666051
276bf25748d93151283aec1f5031e946,4,5,0.096728,7;29;39;44;59;78;132;164;214;230,0.967281
9d2974684f2511917629c6b112bee3af,4,5,0.014710,7;40;44;45;55;162;170;172;177;223,0.147098
c77450391667f584f0950c625ba10894,4,5,0.104922,49;55;71;80;119;146;190;202;225,0.944297
aa6f5db062911629f68081476f62469e,4,5,0.152117,10;16;40;95;133;156;166;209;214;223;247,1.673291
5084e651241c72900938602d62a55ae0,4,5,0.192067,15;21;39;64;105;135;160;162;196;211,1.920671
85b63a15817f63b10255f3c9227c4127,4,5,0.056350,27;31;45;49;67;108;135;140;145;154;156;177,0.676206
704f9636c33176dfd05592a2c6a4fa1d,4,5,0.054979,27;31;88;89;116;126;129;145;195;217;222,0.604771
490b02adcbd277ac42fe2d1787071636,4,5,0.007092,26;49;84;107;163;182;200;202;205,0.063828
7633fbd7aa7724872ce52e705818c620,1,2,0.004191,23;38;66;104;198;225,0.025145
e823f8f5d53c15f930c47adf5f7e9f85,1,2,0.127222,16;17;76;127;216;220,0.763331
725ed9308e400f4019781b17b4eef198,1,2,0.101395,25;118;141;212;224;239,0.608368
0f695aa6249e01198980318e7d3460b8,1,2,0.034199,4;29;62;130;143;154;173,0.239394
f5871267ab977e46a23f2438567eaa74,1,2,0.112586,83;96;108;189;204;239,0.675515
9b6cacaa455b8c4c591784898debd37d,1,2,0.154953,10;24;49;64;174;203;219,1.084668
9d31de35324e86c730ef175560e57c21,1,2,0.033401,57;69;151;206;220,0.167007
ad1bdfd8247c085e5607b6b0262cefd2,1,2,0.334725,30;53;141;195;207,1.673623
a13c7e5bb9882e25f97e195948530548,1,2,0.097329,17;27;98;204;239;243,0.583973
2d36f2ba656f80d3df394b9d5f7680af,2,4,0.055241,22;52;64;119;121;184;201;225;232;244,0.552410
723dbc725d696766abf4cb4204211116,2,4,0.083105,26;31;32;173;183;209;214;229,0.664840
a8f7dd96f9acca075a067d22e68edb65,2,4,0.085639,10;44;65;70;123;190;201;211;216,0.770753
57da74fabdb6244cb1e25642ca6feb02,2,4,0.164031,2;13;34;110;125;136;145;177;184;195;210;211,1.968366
4de7f20898460d4c67844ab511af39d1,2,4,0.031395,25;27;33;51;52;68;133;191;199;247,0.313954
e9d53f682dce6f4809c8b7330c8ae438,2,4,0.031374,6;13;64;88;95;101;115;118;134;136;195,0.345118
265ecb7386ec5bad6c7db6fa3fbfa181,2,4,0.031108,48;55;110;132;133;135;139;153;213;223;236,0.342193
35de6107a44af8c60234e5727302ef50,2,4,0.044633,24;27;35;127;134;172;185;194;199,0.401699
dc099e37b3c51aaf0a2c714b37472dd4,2,4,0.162096,46;50;127;163;176;190;215;222;238;249,1.620962
a6aaacd83ce33e8fd8cbbf49897f2fc0,2,4,0.034669,20;88;91;121;125;190;231;240;244,0.312018
f6b7251c1bed239334d800b6181db03c,2,4,0.014487,0;2;25;35;39;49;55;59;108;237,0.144870
82b61e6b3644e4a0290c5b6434a53347,2,4,0.118083,88;108;116;117;156;176;202;208;218;232,1.180832
902d905c416908ac849c3a4149726bb1,2,4,0.108918,10;11;46;64;69;112;179;237;244,0.980263
3971d833a938f8cd5eb34a3b56c50acd,2,4,0.035220,9;22;27;28;117;132;144;173;183;198;205;223,0.422636
dffd643fac820f37f97374c8b844e118,1,0,0.237500,1;19;66;165;241,1.187502
ed8772ba8ccab9efe39b7d485e885087,1,0,0.023118,8;83;99;140;156;189,0.138705
3e880ed70b940ac2b81050df7d7e3389,1,0,0.017523,114;143;165;174;182;188,0.105136
e1ccd3f67d5e459e6ab094af9be24ecf,1,0,0.058543,33;96;108;124;175;219;235,0.409799
20772c910c148896a48e77f48bfb700f,1,0,0.180270,4;73;98;222;244,0.901352
9f0b6850af22dc3564f85167ee1328d5,1,0,0.133794,6;19;41;57;128;227,0.802766
2f44cda0019dac9cc9be1d6d8f4d0a35,1,0,0.055792,5;73;79;130;167;169;216,0.390541
fafd156114e10048403b4c41f186aadf,1,0,0.176530,9;17;57;93;130;236,1.059182
c56b2e1efcd9dc4d3b81e13eb75fc063,1,0,0.041600,3;49;79;98;124;133;169;201,0.332802
e65cb3df7cb297247d6a6184b7294697,1,0,0.075330,5;16;22;81;143;219;232,0.527309
f201b688a3dc93957ff7fe1f7589265b,2,1,0.116491,25;93;98;104;121;143,0.698948
c4e59cc08286f9e72869a2d952a0115c,2,1,0.287830,5;75;90;147;203;231,1.726977
19e9ec902e079ef04b334fdcd1cbac19,2,1,0.038411,0;8;34;61;90;117;147,0.268876
1077bf64517ac1ed65c3435e3aa81b48,2,1,0.006583,3;126;161;165;219;239,0.039497
ce0485c4d5a892d07a4098c98f996caf,2,1,0.187827,73;94;122;166;232;246,1.126961
5a4774023eda7aebb6fae35cb923f7c8,2,1,0.195167,73;101;187;209;212,0.975836
736374b63466d7b1eaa78e06462c0d49,2,1,0.125356,7;17;43;153;174;180,0.752138
00bf951079c20ed763b35eb5c2e5e325,2,1,0.042335,23;52;99;125;162;188,0.254011
07ea0bbb5949d33e35aa0bb37bd73ca8,3,2,0.055989,5;8;170;196;207;215;226,0.391923
2fa9fb58a0cdb553f3d4cfd81fd746b5,3,2,0.239257,62;83;174;220;241,1.196286
597c74187ca1a12cfa247829a4c123b7,3,2,0.049586,18;38;90;104;130;158,0.297515
4a33b19630f131b72d19e158af7b3eda,3,2,0.116606,72;151;185;206;239;241,0.699634
ded247c5c6c0827cedf0e0f29c01daa8,3,2,0.059979,5;23;113;189;224,0.299895
8aecff034f1c3807aa459f539ec3e841,3,2,0.115513,37;38;58;189;204,0.577567
52ed9d029898e6277596b8bbc52dece5,3,2,0.030103,25;51;61;79;110;128;146;219,0.240827
ef22f2b17f70258491cf92713b6cdc4c,3,2,0.162703,23;96;118;174;195;220;238,1.138919
2fbcc68973327ed5927ceff9a871f954,3,2,0.130579,38;84;151;174;206;249,0.783473
ea61b166904110e81db8afea1aeed2c7,3,2,0.039685,106;113;117;204;207;210;212,0.277796
30f8fe424b724ae6e4124f7c0387c2e1,3,5,0.180515,29;33;60;86;101;105;114;118;163;199;218;245,2.166181
35a7a8a582b47e24b2a074ff7d5f89db,3,5,0.039193,9;34;89;95;120;126;139;140;232;240;242;249,0.470311
99accd0d019cda2057ac924420cac192,3,5,0.155033,0;132;162;164;186;201;233;243;248,1.395297
1a0c51a4fe1aa997cc28fb48e9e17bbe,3,5,0.021513,18;35;47;69;75;138;161;177;180;213;217,0.236641
084fa5a1db50fc0fef1c0dc6e812bc63,3,5,0.072554,7;29;108;116;126;142;146;161;218,0.652986
5855cd39a9cc904a5da0807f29919d78,3,5,0.043780,24;39;44;51;81;97;100;164;230,0.394024
942579bfa0621f2ddf6dff470e9e67e9,3,5,0.087800,47;68;95;109;120;129;139;192;210;242,0.877998
96a8482d78b4aa0723a628c7434fbd84,3,5,0.160383,7;41;106;107;172;194;208;218;229,1.443450
756d07151c0c94b63fb0950c8da3e841,3,5,0.111402,36;65;75;120;160;172;214;248,0.891219
5f7812a14440116f705fe75bada330a1,3,5,0.067767,7;34;82;84;120;138;163;181;183;233,0.677675
18c1c596f673d9c5f69d4f4897e3da34,3,5,0.046582,0;41;69;77;114;138;193;210;218;249,0.465824
71aa45fc2ce47d55d6916e6763b21f78,3,5,0.013477,27;46;48;82;102;105;210;217;233,0.121291
a2133e665bd8802beb4eceb94102c873,0,5,0.100857,56;79;118;136;164;166;167;170;193;195;199,1.109430
ad478d77df5dfc4fd1b5b1ef9264b6d7,0,5,0.005284,41;59;115;142;167;215;218;233;243,0.047556
f52c1210ada9864703a3c8b9abe527a6,0,5,0.046941,6;46;55;69;80;110;156;209;213;218,0.469414
443486f8f76527e590a04833b6df6444,0,5,0.104881,97;101;102;111;115;116;123;161;180;214,1.048814
737a70c0a2354792d96af8b8072636ef,0,5,0.014325,25;26;50;54;80;100;172;173;183,0.128921
2889f9947f9a1828fcb364b81b65f393,0,5,0.186154,26;55;68;100;121;161;193;213,1.489230
38575450708ef5ff3bcec366bcb40fa5,0,5,0.065842,9;10;14;33;47;78;126;129;150;200;208,0.724260
44b7b82a0ba37a7300bca01f42af5e28,0,5,0.226824,25;35;54;67;69;89;112;121;129;153;157;223,2.721890
78900d586ddbb0bd8d9da6edcf728c4a,0,5,0.112412,10;48;71;176;223;229;233,0.786885
621c87af6bc69e1a9b44ad41069078ae,0,5,0.073736,9;20;36;105;126;129;193;218;237,0.663626
ad2b9468a7aeb129a8aaf65c10b2307f,0,5,0.062743,6;65;88;109;117;132;171;172;175;210;249,0.690175
7821b75166e66611ab2b2178f00dda25,1,4,0.098052,11;37;40;42;60;78;94;111;144;163;182;183;198,1.274679
fe1ae08dbfd3e1a02293e4dd8f589394,1,4,0.052405,24;27;48;87;95;119;176;217,0.419240
1340131772afb3d89a91bb6f8bcd1c62,1,4,0.015459,28;36;51;110;117;135;164;177;211;226;240,0.170051
ed97ef693a3c324c59a89722288fc20f,1,4,0.140355,32;70;81;112;161;211;230;244,1.122843
f17ee691a07fcbfb010a07b38c3f2296,1,4,0.023806,27;32;44;48;96;142;195;238,0.190448
92acdceb0a08496610cfa012d3e17048,1,4,0.062836,11;16;21;81;94;185;186;196;202;215;238,0.691196
75e7135a25bb44729dab3d5e2d8c0ffe,1,4,0.024245,34;47;53;59;69;107;112;154;161;183;201;208,0.290946
f2dbd694a399617fb8cbd4b561e4b99d,1,4,0.253417,9;53;88;112;138;157;164;169;171;217;231,2.787585
ef7a45432c4f5a707937032cf27f33bb,1,4,0.270752,37;42;51;102;106;108;125;182;200;240,2.707525
1afcf9b4b985b19e54b2b9b2d0da0731,1,4,0.058672,41;79;110;139;161;180;182;205;226,0.528044
ff65f123cadb262284a97f69bab4f780,3,0,0.162447,57;60;93;134;165;189,0.974681
aeb26bde0fcd21494ceaddcfc2a5cfd2,3,0,0.030855,8;17;107;165;208;241,0.185131
67a37cbfb853299f0a5073b381d6497e,3,0,0.005334,3;80;111;113;128;143;166,0.037341
af2f3efc559ce94370a45ea3893bbcdf,3,0,0.074724,13;45;66;94;113;127;151;227,0.597794
e1b798edd58774de8e1ba6fb80bb10e0,3,0,0.019468,56;63;174;203;219;230,0.116809
c1c1eca2fa6b80165a669632095f1aab,3,0,0.194201,4;12;23;143;144;165,1.165205
5f2b3fb6f0582c308b37e1e80deef455,3,0,0.101975,48;69;75;93;235;246,0.611849
d836b3ea2d9628f26aafddb11245a894,3,0,0.214278,1;22;38;76;82,1.071390
c3d96530864d90b23692410d1c56743c,3,0,0.071705,7;66;115;165;213;235;238,0.501932
28296c64a9cd71b738fd600cb1c53abf,3,0,0.076536,3;16;62;122;129;235;236,0.535751
35082c26abb6e3e81a212431aa135836,3,0,0.048477,40;61;81;97;124;189,0.290861
0b008f3acad6092ee170a80749d01d49,2,5,0.014138,16;27;69;72;116;139;180;233,0.113106
f9479dc5f89f8bb70a11e1ccacacb345,2,5,0.060386,6;31;40;68;95;111;118;140;154;198;209;240,0.724630
6afcff9301b1c70b770ea913b03294ff,2,5,0.165213,15;27;33;54;88;142;155;233;249,1.486913
b08dca30ac5c632e2d61641175201f36,2,5,0.073497,88;97;107;173;192;216;218;233,0.587976
8b34a3a4ce5478971a7cd4c4bd1a4dc6,2,5,0.018833,0;11;13;27;28;42;91;114;146;169;226,0.207162
c0d3cb063e78e1c2cece7cf5f40c1199,2,5,0.022717,40;52;110;126;180;191;209;217;218,0.204455
1f19f0fe927d9b8b0d8f060b2d8747eb,2,5,0.190469,13;47;72;97;154;170;180;183;191;202,1.904688
e4bf73597bce970d1095b749244153f1,2,5,0.078604,25;41;47;59;133;160;198;226;233;243,0.786037
b594589b4543b078a0693d4d8b464b29,2,5,0.051257,20;35;60;65;71;79;107;114;145;153;181;200,0.615088
6beb8eafd267810010961ab01be752c2,2,5,0.046672,10;31;33;106;129;136;154;164;166;179;198;216;240,0.606733
cac26c82845114761ae4e6d5874c55ab,2,5,0.102045,50;54;59;82;89;101;107;109;111;142;184;209,1.224537
bed5467bc0c55981f3b10a1aa4d76421,2,5,0.142465,74;80;87;96;110;112;150;209;245;247,1.424648
f2bc9d56853748efcfa582675a7dad15,2,5,0.033705,16;18;78;102;184;199;201;222;237;245,0.337051
286a5eb8f53ee85b594a2ab7d3cbbe3c,2,0,0.075184,58;76;150;209;239;241,0.451105
f6481757f5b5781a5f0a25f1fdf08795,2,0,0.180299,4;23;58;73;224,0.901495
40e7ac55be8dee8fb477aacdd8e7b85a,2,0,0.060962,34;38;114;147;184;235;241,0.426732
5675bc4d538c7151889fc95e665477d9,2,0,0.096650,19;66;77;129;178;244,0.579900
4b1b3aece38639082e8149d2fb702cc2,2,0,0.062083,3;18;117;143;147;184;213,0.434579
44bb2ade9eebaad28be9d4edaadd0ac1,2,0,0.023102,35;38;178;186;189;227,0.138613
0b7554fce56517d1dfed44852ebe499b,2,0,0.149347,48;83;113;124;222,0.746733
67c6979725cce44dce49bd51fe6e8d7b,2,0,0.219832,49;58;61;94;151;186;203,1.538825
f345adf3f934eedf9f66e85794592e49,2,0,0.132541,3;19;58;93;130;136,0.795249
544f6f34c2e2f66a77138b9570486020,4,4,0.075701,112;125;135;146;153;154;190;198;208;213;215,0.832706
0d43da63b94c5fe7fc856bc56107f5d6,4,4,0.068791,11;44;64;82;107;111;123;156;238;240;247,0.756697
93a6762bd7a30ab2741f9759930a5cf6,4,4,0.014429,14;22;28;39;48;106;110;163;172;185,0.144294
a1828d441e53ab06f578088835a4a1ce,4,4,0.055476,16;31;45;59;67;96;186;222;229;231;236,0.610232
2d3c9735e3ea7b26b673c3377670280d,4,4,0.118774,11;60;82;96;97;179;214;215;225,1.068963
6a4ddff3e02e26837fe6bc197173d805,4,4,0.034986,2;14;67;95;96;139;177;180;201,0.314871
7f24acac5fca21a84fb5651bb7dc5100,4,4,0.219028,56;106;136;139;157;179;184;199;202,1.971255
34eb1886ad2bdf2a4df3bc40adf2c2c8,4,4,0.076085,37;45;55;117;118;120;127;145;146;195;214,0.836932
4a1cfba6e82b4c173b909d0f512e9124,4,4,0.231721,6;18;20;29;65;91;105;125;142;181;236;242,2.780650
c47e0e4616e894e21240cce386f9ba97,4,4,0.074801,7;28;32;37;70;80;121;150;158;163,0.748009
b6973437df5e0466dda69df86bd261ad,4,4,0.030209,25;80;88;105;118;167;175;180;213;215;247,0.332304
0bae17027c489c19f05b9dbb8922ffe1,0,4,0.071805,9;70;125;150;167;175;181;205;234;237;238,0.789860
212eb6650451ac296a78f362a36116a7,0,4,0.084136,7;10;46;74;100;144;175;184;231;237,0.841363
a5d16d457b7d786a9d417b3996f5c19e,0,4,0.140211,91;139;167;171;173;192;201;205;242;247,1.402111
f96bd4c5e1e359e6c1887b9019b9bfce,0,4,0.155031,24;37;48;53;79;86;100;247,1.240249
6fa5f307c52f3d7d9e41cf99ff9f859f,0,4,0.065006,41;60;172;208;211;225;240;244,0.520052
96737a3c12d16ffbcf46e81afb099276,0,4,0.004390,13;31;39;65;80;88;154;169;237,0.039511
2ad6f32ffcc94724bc4706dc5773d598,0,4,0.265165,36;45;46;52;72;120;185;208;230,2.386484
cf0a9a86b0c942bf1b9323d64c2e763a,0,4,0.109188,48;68;70;75;80;134;181;216;217;223,1.091875
63162f747e59e6071b8d2186180672b9,0,4,0.081223,6;26;39;56;60;107;170;179;180;242,0.812229
b12dcfbb994a3026aeaf91336d9660cf,0,4,0.023844,7;50;95;148;156;164;185;186;222;232,0.238440
dcd6c184bc735da7caf4c2628805dc60,1,3,0.138866,40;65;71;109;119;140;158;161;170;190,1.388656
f402d93acb4f6714155509c8dd0f5bee,1,3,0.090571,34;71;75;85;121;146;164;185;193;210,0.905706
cb2c885f7a1a6c8ecac1d53b3db03447,1,3,0.138644,34;47;68;97;109;140;161;166;177;234,1.386440
e3e7d00ab98b4020f2676d63cae8a1a3,1,3,0.061128,20;21;47;78;142;191;231;242;247;248,0.611278
022e861e4943835032b4a736d974b92c,1,3,0.055628,15;21;27;45;55;177;213;229;234,0.500650
1850219c553bb85f3aeaa4b036510d15,1,3,0.019809,16;18;88;102;116;135;172;218;223;247,0.198090
9767a69157740d7d79ca54241ba32351,1,3,0.114525,10;34;39;56;119;153;156;158;205;210;234,1.259780
7213212851db4e91f947a30969b77a37,1,3,0.132563,6;22;36;71;77;111;136;157;191,1.193069
bf4d9dbb24460cde228297cf1dc69329,1,3,0.040553,0;9;41;49;52;87;100;116;156;236,0.405527
49a07c0b1def25cf0d07e15e33a05e76,1,3,0.074568,18;26;51;129;148;163;176;205;237,0.671114
67d448c3ad8c7175f247d05d2ff8cf2a,1,3,0.076935,11;33;40;85;91;95;133;155;158;180;185;210,0.923225
cd2fb1ade62f1c626d95ece0b3a49043,1,3,0.056210,0;39;49;108;125;176;179;192;216,0.505890
7fce66e7f730d09921a7a910db448822,2,3,0.057801,41;51;95;121;153;191;193;199;226,0.520207
a0975bd26cf933d31be30a9abf08301a,2,3,0.002586,13;27;65;69;105;115;125;172;214;225,0.025861
66d364a483010ea0179aef54123fbb7e,2,3,0.051440,49;69;74;79;106;195;205;213;231,0.462964
a6951f02d78f7ee58177a640527c075f,2,3,0.272396,2;67;77;84;87;89;116;123;133;175;193,2.996361
5b8afd11bb8bf84e9131d57b75c93443,2,3,0.238967,2;26;28;32;42;87;127;146;155;167;226,2.628641
a40ea45841885e1dbe4adfedb0e1c71d,2,3,0.141254,36;42;68;118;171;193;200;211;223,1.271286
1ff4934ee0e7e15f42aace2a189b3d93,2,3,0.192601,13;28;68;72;116;148;192;213;248,1.733405
e0fe559b5c69877734b19166efbedac9,2,3,0.042954,14;52;75;78;109;115;144;164;170;194;202;248,0.515452
7dcdd46dd47c65875db7520475e51440,2,2,0.114118,61;66;151;229;235;240,0.684708
0dfa4cb69b2efc0feae6e3b2c8ce71c8,2,2,0.070826,38;63;84;148;165;196,0.424954
16040a5f6604b74abbb9c51b07ac3e6c,2,2,0.090841,83;141;187;239,0.363364
8511bdce94d8dd860cb5aae6f7e45ce4,2,2,0.330559,137;140;188;216;220;245,1.983354
45ac21e59e52b054fb223c16e1d85664,2,2,0.010221,10;17;61;83;129;171;208;232,0.081770
e83975c41505b99a799cca1dc7321c88,2,2,0.137994,1;14;23;57;64;80;242,0.965956
8724be0e233822d0ee022e18eca2a419,2,2,0.003634,2;17;24;97;117;126;196;227,0.029074
bb7f6176c293850e508330757678dcf1,2,2,0.010680,4;73;141;175;207,0.053402
9f3ee7c9562d62d30596a759ee01e4ae,2,2,0.018813,8;19;76;144;150;158;227,0.131693
ab71f6c61d45936c01597c32781db4e2,2,2,0.106777,5;60;83;203;235,0.533885
730c5e94a686b0d976ed8c3db2196f4f,2,2,0.105536,4;14;104;178;187,0.527682
fdd1d53cc01c58e9639b3a76f15abeab,4,3,0.150903,21;27;33;56;100;102;160;182;196;198,1.509030
73d8498a4244b61e643908e851ecc7e7,4,3,0.337330,70;81;135;148;158;162;172;194;198;201;238,3.710630
cc06c5d9317295d8dadf6e3e1aff0d0d,4,3,0.068360,22;45;56;85;88;89;95;132;155;175;185,0.751959
b471b3bba13a0c779e706ef82bb68f0f,4,3,0.151061,0;21;40;50;64;95;106;127;144;234;236,1.661671
bbe4646f5aa8a96f142cce214c05a637,4,3,0.120390,14;21;24;26;52;111;145;176;244,1.083508
01f8a69b1580ff3d55700efda8f5adb2,4,3,0.003021,27;44;60;69;86;87;105;114;119;153,0.030214
d4a69e3125b184285a7b6687782f5e93,4,3,0.022044,18;20;34;35;50;71;106;211;240;242;248,0.242481
5b7798dec49191884a8fbe061fe9d95f,4,3,0.146891,18;41;44;54;87;101;108;180;223,1.322020
5bfdf838d12bf0553327618fc35d438f,4,2,0.171167,0;30;98;102;173;204,1.027003
8c47206aa3abf5b9b860a139b28f3575,4,2,0.061957,62;83;101;104;126;219,0.371742
97bf1194131892b7cd826951a9484874,4,2,0.232825,47;85;91;115;122;207;225,1.629772
264ad7167dc2fb6f8940d68fb9b8c8ce,4,2,0.237658,15;35;63;79;98;188;196,1.663604
53d61e5ebd07faa91b61fbe66b7b42e9,4,2,0.238144,59;99;113;124;199,1.190718
91e1446f296aba57741b2dc94e1d8858,4,2,0.056462,57;72;191;212;246,0.282311
062e2cd1c94aa97072e639191d97b37a,4,2,0.001788,21;81;151;189;224;227,0.010727
109d354e99c7f0efc05d1f169011364b,4,1,0.059373,4;53;78;203;207;220,0.356236
046246434c77704ffe334e1983c9480e,4,1,0.046296,4;12;19;58;76,0.231480
19838883e42b596e4d174d6fa94bab9e,4,1,0.112643,3;136;151;169;188;206;243,0.788501
f9dc8a622923c0cbb5a07325f4fd1452,4,1,0.029318,1;56;72;107;111;128;219;232,0.234544
8f2c63e31c886e543f3dbaa1b1ad6ac0,4,1,0.150913,2;29;30;151;187,0.754567
6e0d89f39fba207e476db73c08630786,4,1,0.160192,19;20;38;89;104;113,0.961152
c5d50ea3b7151eb43d188e69736fdd0c,4,1,0.045396,0;34;94;133;139;151;188;227,0.363165
76036b4c8bba3f66df605f55f8b06178,4,1,0.238421,15;43;86;143;178,1.192103
f5f73241e44696b6e2a0fdc4a100f310,4,1,0.157449,18;34;107;121;137;162;206;215,1.259591
2712ec1169e0c04ea31f69e4da707a6d,3,1,0.188260,62;90;165;212;219;232,1.129561
21a397fb20544fd8fa5709089d93622d,3,1,0.198669,16;63;90;114;184;206;241,1.390681
d5c05cd3562ddf52c56622f32b450f73,3,1,0.085502,43;52;143;202;204;215;232,0.598513
3af066eea60282e1b554628f52fca0d6,3,1,0.000746,46;137;162;167;221;241,0.004475
4328f46008a3d9b2027149d87f3d0c70,3,1,0.071794,8;46;53;54;77;117;145;189;242,0.646146
fcc4568b38c23866b58a4cc91e226307,3,1,0.237245,8;43;66;78;90;132,1.423470
ee024ed49239cb085dc934a421758d48,3,1,0.212885,3;43;49;140;144;224;227,1.490195
af9371c5f22a2a445f5c8787f15b0818,3,1,0.001293,5;12;19;113;158;241,0.007757
41e072024ee8370658f7fb1d78e5be04,3,1,0.003607,19;62;123;125;174;188;242,0.025248
00fb5b95020ba379b6482e0a01b511e2,0,3,0.074157,16;24;50;55;65;105;123;176;186;194,0.741571
8b86416d19039f5f3629116eae86a542,0,3,0.078668,27;51;64;72;77;91;120;150;167;240,0.786682
4a3c3a5ca061f44a5226aec637833592,0,3,0.048539,9;35;36;77;96;105;163;169;218,0.436850
79cb87e2721bc896c3ffb0c9e2013eec,0,3,0.066766,26;37;75;84;154;155;177;190;234;244,0.667657
a16e3c1bfae04d4270febb995f6894ba,0,3,0.101415,14;21;27;31;53;69;85;135;179;192,1.014152
9e28d04b559a9f0a2f5eed286478b553,0,3,0.151351,11;33;46;81;84;175;190;200;210;222,1.513508
c40feb7102c973283ab0c21c737aedb0,0,3,0.103699,59;97;109;120;132;134;142;200;234,0.933292
ba97ba79b24278251b7224505d0699bf,0,3,0.201260,32;44;56;94;123;134;183;192;248,1.811344
c31d227405c9628113015aaa84300974,0,3,0.174144,39;45;74;97;119;126;177;211,1.393155
b29cbce805b7939752497246f3d57117,0,1,0.180631,8;12;18;99;128;133,1.083789
637ac7b615f278b8e3e756b1bc983733,0,1,0.035658,75;122;147;204;246,0.178291
412946b83911bdd50fe0c37580dc6dff,0,1,0.165205,1;12;73;91;110,0.826024
89a124e3eacc07a72e0fd6b485d02193,0,1,0.159049,3;124;129;137;147,0.795246
e5984d4e9eb08b586e16b9591d7f7726,0,1,0.110438,59;122;145;147;171;174;212,0.773067
5e2a2ffc596e9b7cbcb7a033d3d1edbf,0,1,0.349018,104;122;217;227;246,1.745090
feaf2e66d2a127f46ffedeb219f2d189,1,1,0.045719,43;66;102;110;170;178,0.274316
72c1d8865c914445b5683ba2e4532bfe,1,1,0.176685,20;50;57;76;194;204;243,1.236795
a80cfceb307a9588992a5be4ea58b3dc,1,1,0.210280,114;117;130;138;188;189;219;245,1.682241
34cc4ac7be5b949b0dfc75aaa9350f85,1,1,0.020101,58;129;156;165;184;212;227,0.140706
ddea0f4d2282809ab61ed6c6595ef398,1,1,0.122686,19;23;57;62;71;138;171;186,0.981491
43049b3e6796b0d6c47dbb1ff2ebb13a,1,1,0.056574,17;45;72;75;130;203;205,0.396015
2b84770f70b17743227909d31b0438b5,1,1,0.245570,30;99;130;147,0.982278
dcf869a468820e6ae3c22c25d6848a99,1,1,0.024760,73;76;105;162;221,0.123799
588f944c40248242a4e04bdfb9f1af8c,1,1,0.097625,17;30;79;115;206;234,0.585751
328ec8833134e082a7cb02c3e5cf7df3,0,2,0.105348,113;141;187;230;244,0.526740
793b5f620921590cc8572b55f15c026d,0,2,0.047807,55;63;84;113;171;227;235,0.334647
15ec3d38513079709475fa1b1e41c994,0,2,0.165205,178;207;212;219;224,0.826024
5f1018f0c305191d17864ac7e12b3893,0,2,0.059256,6;47;76;128;178;181,0.355535
fdb6f3c13a12268eb7bf8ac94ea6fe66,0,2,0.123287,38;158;191;212;217;235;242,0.863007
2a29742c7abc96f0866b3e09aa7de2ac,0,2,0.244551,12;124;128;150;214;225,1.467305
24393ca32e462e3fc8079822b873c26f,0,2,0.153028,4;61;104;109;111;186;206,1.071199
14f84a2996478c22edad51075113e5f6,0,2,0.101519,58;63;115;128;154;207,0.609113
bcca824674921251d68e9472ace87404,1,5,0.027134,7;39;81;123;153;192;233,0.189935
59b85b39799f5af88c740a36b7ef1e6a,1,5,0.033867,2;13;26;28;35;44;78;94;110;119;230,0.372542
5282687318a15881afa225aa4a8545d3,1,5,0.076205,31;37;51;67;71;94;166;169;173;200,0.762051
3a0b6cb1a22c45b48f4e183c500ede7f,1,5,0.152300,6;25;54;86;139;150;210;226;229;237,1.522999
07ec361f1c6a234eea6363aabe199e34,1,5,0.015056,25;42;56;157;177;194;200;222;243,0.135508
3188bd197da1c8f2ba5790961d3f563a,1,5,0.115222,29;100;114;118;182;191;215;216;233,1.036997
08670009560e347eb9f119da72a9d650,1,5,0.110005,0;16;31;42;50;116;163;186;215;229;237,1.210057
55c16593cb689d996a0e5f0666683e91,1,5,0.072631,33;52;65;96;114;119;170;222;240,0.653683
89495e99453653bc4f6f7fa129dbec40,1,5,0.111611,48;74;181;196;232;233;237;240,0.892888
dabae6f2b9bb401a2f13093d963d39bb,1,5,0.066794,37;67;132;183;218;226;230;236;237;249,0.667943
59604ba5232ce293535bdcdf64864f33,1,5,0.028075,41;68;81;107;112;142;172;191,0.224598
d530317ad5c4e6c10472fd02accd939d,1,5,0.020878,60;115;133;148;157;166;167;169;193;200,0.208782
9940b32ba4d7f651cd4ac39d54ebf2b5,1,5,0.170221,100;102;109;115;120;126;134;138;166;190;236,1.872429
1a9e56a83392196450baf13ac84e6908,3,4,0.086718,0;2;40;44;80;144;155;156;171;213,0.867180
d718f322667d2e1391e8e33f5be3fd33,3,4,0.267760,13;24;31;74;85;146;173;179;249,2.409840
353b7fafde5f3b3a102df6a413d4f9a4,3,4,0.096613,11;42;51;96;169;172;173;181;183;200,0.966128
0e889b6e9bb75c4308ed136206bfdf4e,3,4,0.093543,26;28;44;86;108;196;202;208;237,0.841888
25cc4400dbb44ae4dc6ee7bc237ebd4f,3,4,0.180881,7;35;39;55;69;70;82;191;234,1.627932
a24911e5bfc02f710c2b712554cdf426,3,4,0.064564,10;60;77;78;158;175;182;213;218;229,0.645640
9cf31aeaed4eb92364cd006bba312a08,3,4,0.024504,68;77;81;106;114;146;153;171;205,0.220540
5db3d9f636b5778d6a0998f63f7856fb,3,4,0.065544,0;46;78;80;82;84;89;110;177;194;247,0.720986
371622edb3f6802c9e9eecd9cf5118e0,3,4,0.119872,14;25;36;52;84;153;155;176;192;209,1.198722
e58a37413466ff45fa7b9b97ae184ed3,0,0,0.007698,6;19;78;122;173;204;208,0.053888
e763d73ae8400c412123264b2a02c5c6,0,0,0.068938,25;28;61;62;76;133;144;227,0.551502
8b866122d3305a6467e6621e1b8f7775,0,0,0.036117,4;58;62;69;96;125;174,0.252816
5beff338376867a5aec745bfcf08bbc0,0,0,0.188568,5;20;76;141;156,0.942841
6bbfdf8126a6f9b9b35f07f828a6a4dd,0,0,0.142895,59;93;99;128;153;239,0.857372
a6ca42791dde035cf77d66d2fa8151f8,0,0,0.023635,1;63;107;204;213,0.118177
5ebdf6265ca4b79f76e47be584c86777,0,0,0.095194,28;35;98;178;203;230;235,0.666359
62ddd3237889c80f996b612128f847ad,0,0,0.060290,12;22;61;98;124;136;156,0.422031
921d9022f8000911be92d036241b3c17,0,0,0.047485,38;40;51;60;220;235,0.284910
de3cfce16c39a11be160edb9e5fd1a9b,0,0,0.256581,14;61;167;170;187;226;239;243,2.052652
afe711390bb7585251468e2c9dac7a96,0,0,0.072598,3;58;65;83;87;128,0.435586
a6a2a3e84ad766c6e99f0f0e081f4ac2,3,3,0.163738,50;67;77;95;110;117;135;145;160;205,1.637384
092d5161c8f06ed3eb6851f06fc7a099,3,3,0.125211,48;105;111;127;157;175;181;182;185;205,1.252113
60bd081d02aacc6803329489244c8604,3,3,0.007022,59;79;129;135;144;157;172;176;185;244,0.070217
01867e7543110a8a6a9cc4eba44a3931,3,3,0.101244,9;15;44;52;54;71;166;222;248,0.911197
f074db1d9e4aa30d7731a1acd265c78d,3,3,0.162134,11;32;85;107;123;154;160;163;225;231,1.621343
5c45230671f3d38406bbf6ced5c916e7,3,3,0.102784,21;41;45;117;142;148;176;183;243,0.925060
425cc0051b36b67443f11155370ad1f8,3,3,0.009770,15;87;132;142;190;193;214;225;231,0.087933
76cc0239846f2d36a15b004f21f79cdc,3,3,0.075570,32;41;75;126;150;162;181;202;232;248,0.755705
73ba77cac5d50bf668c84b8212eb298b,3,3,0.010467,40;42;46;67;71;89;125;160;185;223;245,0.115134
af432bcabe6cad8b4b056ef7e41af507,3,3,0.036763,11;34;67;71;96;160;164;205;248,0.330868
e5a230440b31e1fda878ce6cb291f23b,3,3,0.092009,36;40;65;79;145;180;182;198;201;229;245,1.012100
343d76e685a0b08165b49af43b81e8e3,3,3,0.019365,13;46;54;81;102;183;234;244;249,0.174283
df59cf199a5c9a675de55c4a3cde528a,3,3,0.093921,9;134;142;160;164;169;185;199,0.751370
