therapist,treatment
therapist 10,treatment 19
therapist 10,treatment 28
therapist 10,treatment 33
therapist 10,treatment 34
therapist 10,treatment 40
therapist 10,treatment 41
therapist 10,treatment 42
therapist 10,treatment 43
therapist 10,treatment 44
therapist 10,treatment 45
therapist 10,treatment 5
therapist 100,treatment 2
therapist 100,treatment 5
therapist 101,treatment 11
therapist 101,treatment 15
therapist 101,treatment 17
therapist 101,treatment 18
therapist 101,treatment 2
therapist 101,treatment 20
therapist 101,treatment 22
therapist 101,treatment 24
therapist 101,treatment 28
therapist 101,treatment 33
therapist 101,treatment 34
therapist 101,treatment 36
therapist 101,treatment 39
therapist 101,treatment 40
therapist 101,treatment 5
therapist 101,treatment 70
therapist 101,treatment 76
therapist 101,treatment 77
therapist 101,treatment 85
therapist 101,treatment 9
therapist 101,treatment 98
therapist 105,treatment 10
therapist 105,treatment 11
therapist 105,treatment 16
therapist 105,treatment 20
therapist 105,treatment 21
therapist 105,treatment 23
therapist 105,treatment 28
therapist 105,treatment 33
therapist 105,treatment 34
therapist 105,treatment 36
therapist 105,treatment 40
therapist 105,treatment 5
therapist 105,treatment 6
therapist 105,treatment 66
therapist 105,treatment 67
therapist 105,treatment 71
therapist 105,treatment 72
therapist 105,treatment 73
therapist 105,treatment 74
therapist 105,treatment 81
therapist 105,treatment 83
therapist 105,treatment 85
therapist 105,treatment 86
therapist 105,treatment 9
therapist 105,treatment 91
therapist 105,treatment 94
therapist 105,treatment 95
therapist 105,treatment 96
therapist 105,treatment 99
therapist 106,treatment 11
therapist 106,treatment 15
therapist 106,treatment 17
therapist 106,treatment 18
therapist 106,treatment 2
therapist 106,treatment 20
therapist 106,treatment 22
therapist 106,treatment 24
therapist 106,treatment 28
therapist 106,treatment 33
therapist 106,treatment 34
therapist 106,treatment 36
therapist 106,treatment 39
therapist 106,treatment 40
therapist 106,treatment 5
therapist 106,treatment 70
therapist 106,treatment 76
therapist 106,treatment 77
therapist 106,treatment 85
therapist 106,treatment 9
therapist 106,treatment 98
therapist 109,treatment 28
therapist 109,treatment 33
therapist 109,treatment 34
therapist 109,treatment 5
therapist 109,treatment 67
therapist 110,treatment 34
therapist 110,treatment 5
therapist 110,treatment 6
therapist 110,treatment 73
therapist 116,treatment 11
therapist 116,treatment 15
therapist 116,treatment 17
therapist 116,treatment 18
therapist 116,treatment 2
therapist 116,treatment 20
therapist 116,treatment 22
therapist 116,treatment 24
therapist 116,treatment 28
therapist 116,treatment 33
therapist 116,treatment 34
therapist 116,treatment 36
therapist 116,treatment 39
therapist 116,treatment 40
therapist 116,treatment 5
therapist 116,treatment 70
therapist 116,treatment 76
therapist 116,treatment 77
therapist 116,treatment 85
therapist 116,treatment 9
therapist 116,treatment 98
therapist 117,treatment 11
therapist 117,treatment 15
therapist 117,treatment 17
therapist 117,treatment 18
therapist 117,treatment 2
therapist 117,treatment 20
therapist 117,treatment 22
therapist 117,treatment 24
therapist 117,treatment 28
therapist 117,treatment 33
therapist 117,treatment 34
therapist 117,treatment 36
therapist 117,treatment 39
therapist 117,treatment 40
therapist 117,treatment 5
therapist 117,treatment 70
therapist 117,treatment 76
therapist 117,treatment 77
therapist 117,treatment 85
therapist 117,treatment 9
therapist 117,treatment 98
therapist 12,treatment 17
therapist 12,treatment 24
therapist 12,treatment 28
therapist 12,treatment 33
therapist 12,treatment 34
therapist 120,treatment 11
therapist 120,treatment 15
therapist 120,treatment 17
therapist 120,treatment 18
therapist 120,treatment 2
therapist 120,treatment 20
therapist 120,treatment 22
therapist 120,treatment 24
therapist 120,treatment 28
therapist 120,treatment 33
therapist 120,treatment 34
therapist 120,treatment 36
therapist 120,treatment 39
therapist 120,treatment 40
therapist 120,treatment 5
therapist 120,treatment 70
therapist 120,treatment 76
therapist 120,treatment 77
therapist 120,treatment 85
therapist 120,treatment 9
therapist 120,treatment 98
therapist 126,treatment 12
therapist 126,treatment 20
therapist 126,treatment 25
therapist 126,treatment 28
therapist 126,treatment 33
therapist 126,treatment 34
therapist 126,treatment 36
therapist 126,treatment 39
therapist 126,treatment 40
therapist 126,treatment 5
therapist 126,treatment 50
therapist 126,treatment 51
therapist 126,treatment 52
therapist 126,treatment 53
therapist 126,treatment 54
therapist 126,treatment 55
therapist 126,treatment 56
therapist 126,treatment 57
therapist 126,treatment 58
therapist 126,treatment 59
therapist 126,treatment 60
therapist 126,treatment 61
therapist 126,treatment 62
therapist 126,treatment 63
therapist 126,treatment 64
therapist 126,treatment 65
therapist 126,treatment 84
therapist 13,treatment 34
therapist 131,treatment 1
therapist 131,treatment 28
therapist 131,treatment 29
therapist 131,treatment 30
therapist 131,treatment 31
therapist 131,treatment 32
therapist 131,treatment 33
therapist 131,treatment 34
therapist 131,treatment 5
therapist 133,treatment 20
therapist 133,treatment 28
therapist 133,treatment 33
therapist 133,treatment 34
therapist 133,treatment 35
therapist 133,treatment 36
therapist 134,treatment 28
therapist 134,treatment 3
therapist 134,treatment 33
therapist 134,treatment 34
therapist 134,treatment 36
therapist 134,treatment 37
therapist 134,treatment 38
therapist 134,treatment 39
therapist 134,treatment 5
therapist 135,treatment 33
therapist 135,treatment 34
therapist 135,treatment 39
therapist 135,treatment 40
therapist 135,treatment 41
therapist 135,treatment 42
therapist 135,treatment 43
therapist 135,treatment 44
therapist 135,treatment 45
therapist 135,treatment 5
therapist 138,treatment 18
therapist 138,treatment 19
therapist 138,treatment 28
therapist 138,treatment 33
therapist 138,treatment 34
therapist 138,treatment 41
therapist 138,treatment 42
therapist 138,treatment 43
therapist 138,treatment 44
therapist 138,treatment 45
therapist 138,treatment 5
therapist 140,treatment 34
therapist 140,treatment 46
therapist 142,treatment 1
therapist 142,treatment 31
therapist 142,treatment 32
therapist 142,treatment 33
therapist 142,treatment 34
therapist 142,treatment 39
therapist 142,treatment 40
therapist 142,treatment 47
therapist 142,treatment 48
therapist 142,treatment 49
therapist 143,treatment 12
therapist 143,treatment 28
therapist 143,treatment 33
therapist 143,treatment 34
therapist 143,treatment 5
therapist 143,treatment 50
therapist 143,treatment 51
therapist 143,treatment 52
therapist 143,treatment 53
therapist 143,treatment 54
therapist 143,treatment 55
therapist 143,treatment 56
therapist 143,treatment 57
therapist 143,treatment 58
therapist 143,treatment 59
therapist 143,treatment 60
therapist 143,treatment 61
therapist 143,treatment 62
therapist 143,treatment 63
therapist 143,treatment 64
therapist 143,treatment 65
therapist 144,treatment 66
therapist 144,treatment 67
therapist 146,treatment 46
therapist 147,treatment 28
therapist 147,treatment 33
therapist 147,treatment 34
therapist 147,treatment 46
therapist 147,treatment 5
therapist 147,treatment 68
therapist 147,treatment 69
therapist 148,treatment 13
therapist 148,treatment 22
therapist 148,treatment 25
therapist 148,treatment 28
therapist 148,treatment 33
therapist 148,treatment 34
therapist 148,treatment 5
therapist 150,treatment 1
therapist 150,treatment 28
therapist 150,treatment 29
therapist 150,treatment 31
therapist 150,treatment 32
therapist 150,treatment 33
therapist 150,treatment 34
therapist 150,treatment 47
therapist 150,treatment 48
therapist 150,treatment 5
therapist 151,treatment 19
therapist 151,treatment 28
therapist 151,treatment 33
therapist 151,treatment 34
therapist 151,treatment 40
therapist 151,treatment 41
therapist 151,treatment 42
therapist 151,treatment 43
therapist 151,treatment 44
therapist 151,treatment 45
therapist 151,treatment 5
therapist 151,treatment 8
therapist 152,treatment 28
therapist 152,treatment 33
therapist 152,treatment 34
therapist 152,treatment 46
therapist 152,treatment 5
therapist 153,treatment 28
therapist 153,treatment 33
therapist 153,treatment 34
therapist 153,treatment 40
therapist 153,treatment 5
therapist 153,treatment 6
therapist 153,treatment 67
therapist 153,treatment 71
therapist 153,treatment 72
therapist 153,treatment 9
therapist 156,treatment 16
therapist 157,treatment 28
therapist 157,treatment 3
therapist 157,treatment 33
therapist 157,treatment 34
therapist 157,treatment 38
therapist 157,treatment 5
therapist 16,treatment 11
therapist 16,treatment 17
therapist 16,treatment 24
therapist 16,treatment 28
therapist 16,treatment 33
therapist 16,treatment 34
therapist 16,treatment 40
therapist 16,treatment 5
therapist 16,treatment 76
therapist 16,treatment 77
therapist 162,treatment 1
therapist 162,treatment 28
therapist 162,treatment 29
therapist 162,treatment 30
therapist 162,treatment 31
therapist 162,treatment 32
therapist 162,treatment 33
therapist 162,treatment 34
therapist 162,treatment 48
therapist 162,treatment 5
therapist 163,treatment 1
therapist 163,treatment 28
therapist 163,treatment 29
therapist 163,treatment 30
therapist 163,treatment 31
therapist 163,treatment 32
therapist 163,treatment 33
therapist 163,treatment 34
therapist 163,treatment 48
therapist 163,treatment 5
therapist 164,treatment 1
therapist 164,treatment 28
therapist 164,treatment 29
therapist 164,treatment 30
therapist 164,treatment 31
therapist 164,treatment 32
therapist 164,treatment 33
therapist 164,treatment 34
therapist 164,treatment 47
therapist 164,treatment 48
therapist 164,treatment 5
therapist 164,treatment 75
therapist 165,treatment 1
therapist 165,treatment 28
therapist 165,treatment 29
therapist 165,treatment 30
therapist 165,treatment 31
therapist 165,treatment 32
therapist 165,treatment 33
therapist 165,treatment 34
therapist 165,treatment 39
therapist 165,treatment 47
therapist 165,treatment 48
therapist 165,treatment 49
therapist 165,treatment 5
therapist 166,treatment 28
therapist 166,treatment 33
therapist 166,treatment 34
therapist 166,treatment 46
therapist 166,treatment 5
therapist 166,treatment 69
therapist 168,treatment 28
therapist 168,treatment 33
therapist 168,treatment 34
therapist 168,treatment 5
therapist 168,treatment 67
therapist 17,treatment 17
therapist 17,treatment 2
therapist 17,treatment 24
therapist 17,treatment 28
therapist 17,treatment 33
therapist 17,treatment 34
therapist 17,treatment 5
therapist 172,treatment 17
therapist 172,treatment 2
therapist 172,treatment 24
therapist 172,treatment 28
therapist 172,treatment 33
therapist 172,treatment 34
therapist 172,treatment 5
therapist 172,treatment 76
therapist 173,treatment 11
therapist 173,treatment 17
therapist 173,treatment 2
therapist 173,treatment 24
therapist 173,treatment 28
therapist 173,treatment 33
therapist 173,treatment 34
therapist 173,treatment 5
therapist 173,treatment 76
therapist 173,treatment 77
therapist 174,treatment 19
therapist 174,treatment 28
therapist 174,treatment 33
therapist 174,treatment 34
therapist 174,treatment 40
therapist 174,treatment 41
therapist 174,treatment 42
therapist 174,treatment 43
therapist 174,treatment 44
therapist 174,treatment 45
therapist 174,treatment 5
therapist 175,treatment 28
therapist 175,treatment 3
therapist 175,treatment 33
therapist 175,treatment 34
therapist 175,treatment 36
therapist 175,treatment 37
therapist 175,treatment 38
therapist 175,treatment 5
therapist 176,treatment 28
therapist 176,treatment 33
therapist 176,treatment 34
therapist 176,treatment 36
therapist 176,treatment 39
therapist 176,treatment 40
therapist 176,treatment 5
therapist 176,treatment 7
therapist 176,treatment 78
therapist 176,treatment 79
therapist 176,treatment 80
therapist 178,treatment 28
therapist 178,treatment 33
therapist 178,treatment 34
therapist 178,treatment 40
therapist 178,treatment 5
therapist 178,treatment 6
therapist 178,treatment 67
therapist 178,treatment 71
therapist 178,treatment 81
therapist 18,treatment 17
therapist 18,treatment 2
therapist 18,treatment 24
therapist 18,treatment 28
therapist 18,treatment 33
therapist 18,treatment 34
therapist 18,treatment 5
therapist 180,treatment 11
therapist 180,treatment 17
therapist 180,treatment 2
therapist 180,treatment 24
therapist 180,treatment 28
therapist 180,treatment 33
therapist 180,treatment 34
therapist 180,treatment 5
therapist 180,treatment 76
therapist 181,treatment 19
therapist 181,treatment 28
therapist 181,treatment 33
therapist 181,treatment 34
therapist 181,treatment 41
therapist 181,treatment 42
therapist 181,treatment 43
therapist 181,treatment 44
therapist 181,treatment 45
therapist 181,treatment 5
therapist 182,treatment 33
therapist 182,treatment 41
therapist 182,treatment 42
therapist 182,treatment 43
therapist 183,treatment 28
therapist 183,treatment 33
therapist 183,treatment 34
therapist 183,treatment 5
therapist 183,treatment 6
therapist 183,treatment 67
therapist 183,treatment 71
therapist 184,treatment 28
therapist 184,treatment 33
therapist 184,treatment 34
therapist 184,treatment 5
therapist 184,treatment 6
therapist 184,treatment 67
therapist 184,treatment 9
therapist 185,treatment 28
therapist 185,treatment 33
therapist 185,treatment 34
therapist 185,treatment 5
therapist 185,treatment 6
therapist 185,treatment 67
therapist 185,treatment 71
therapist 185,treatment 81
therapist 186,treatment 11
therapist 186,treatment 28
therapist 186,treatment 33
therapist 186,treatment 34
therapist 186,treatment 40
therapist 186,treatment 5
therapist 186,treatment 67
therapist 186,treatment 71
therapist 186,treatment 73
therapist 186,treatment 83
therapist 186,treatment 9
therapist 187,treatment 28
therapist 187,treatment 33
therapist 187,treatment 34
therapist 187,treatment 40
therapist 187,treatment 5
therapist 187,treatment 6
therapist 187,treatment 67
therapist 187,treatment 71
therapist 187,treatment 81
therapist 188,treatment 6
therapist 189,treatment 12
therapist 189,treatment 28
therapist 189,treatment 33
therapist 189,treatment 34
therapist 189,treatment 40
therapist 189,treatment 5
therapist 189,treatment 50
therapist 189,treatment 51
therapist 189,treatment 52
therapist 189,treatment 53
therapist 189,treatment 54
therapist 189,treatment 55
therapist 189,treatment 56
therapist 189,treatment 57
therapist 189,treatment 58
therapist 189,treatment 59
therapist 189,treatment 60
therapist 189,treatment 61
therapist 189,treatment 62
therapist 189,treatment 63
therapist 189,treatment 64
therapist 189,treatment 65
therapist 189,treatment 84
therapist 19,treatment 82
therapist 190,treatment 12
therapist 190,treatment 28
therapist 190,treatment 33
therapist 190,treatment 34
therapist 190,treatment 5
therapist 190,treatment 50
therapist 190,treatment 51
therapist 190,treatment 52
therapist 190,treatment 53
therapist 190,treatment 54
therapist 190,treatment 55
therapist 190,treatment 57
therapist 190,treatment 58
therapist 190,treatment 59
therapist 190,treatment 60
therapist 190,treatment 61
therapist 190,treatment 62
therapist 190,treatment 63
therapist 190,treatment 65
therapist 196,treatment 15
therapist 196,treatment 17
therapist 196,treatment 18
therapist 196,treatment 2
therapist 196,treatment 22
therapist 196,treatment 24
therapist 196,treatment 28
therapist 196,treatment 33
therapist 196,treatment 34
therapist 196,treatment 36
therapist 196,treatment 39
therapist 196,treatment 40
therapist 196,treatment 5
therapist 196,treatment 70
therapist 196,treatment 76
therapist 196,treatment 77
therapist 196,treatment 9
therapist 197,treatment 28
therapist 197,treatment 33
therapist 197,treatment 34
therapist 197,treatment 46
therapist 197,treatment 5
therapist 198,treatment 28
therapist 198,treatment 33
therapist 198,treatment 34
therapist 198,treatment 46
therapist 200,treatment 1
therapist 200,treatment 28
therapist 200,treatment 29
therapist 200,treatment 30
therapist 200,treatment 31
therapist 200,treatment 32
therapist 200,treatment 33
therapist 200,treatment 34
therapist 200,treatment 40
therapist 200,treatment 47
therapist 200,treatment 48
therapist 200,treatment 5
therapist 201,treatment 32
therapist 202,treatment 27
therapist 202,treatment 28
therapist 202,treatment 33
therapist 202,treatment 34
therapist 202,treatment 39
therapist 202,treatment 40
therapist 202,treatment 5
therapist 202,treatment 7
therapist 202,treatment 78
therapist 202,treatment 79
therapist 202,treatment 80
therapist 205,treatment 1
therapist 205,treatment 28
therapist 205,treatment 29
therapist 205,treatment 30
therapist 205,treatment 31
therapist 205,treatment 32
therapist 205,treatment 33
therapist 205,treatment 34
therapist 205,treatment 5
therapist 209,treatment 12
therapist 209,treatment 28
therapist 209,treatment 33
therapist 209,treatment 34
therapist 209,treatment 40
therapist 209,treatment 5
therapist 209,treatment 50
therapist 209,treatment 52
therapist 209,treatment 53
therapist 209,treatment 54
therapist 209,treatment 55
therapist 209,treatment 56
therapist 209,treatment 57
therapist 209,treatment 58
therapist 209,treatment 59
therapist 209,treatment 60
therapist 209,treatment 61
therapist 209,treatment 62
therapist 209,treatment 63
therapist 209,treatment 65
therapist 210,treatment 11
therapist 210,treatment 15
therapist 210,treatment 17
therapist 210,treatment 2
therapist 210,treatment 24
therapist 210,treatment 28
therapist 210,treatment 33
therapist 210,treatment 34
therapist 210,treatment 5
therapist 210,treatment 76
therapist 210,treatment 77
therapist 210,treatment 9
therapist 212,treatment 28
therapist 212,treatment 33
therapist 212,treatment 34
therapist 212,treatment 5
therapist 212,treatment 66
therapist 212,treatment 67
therapist 221,treatment 28
therapist 221,treatment 3
therapist 221,treatment 33
therapist 221,treatment 34
therapist 221,treatment 37
therapist 221,treatment 38
therapist 221,treatment 5
therapist 223,treatment 28
therapist 223,treatment 33
therapist 223,treatment 34
therapist 223,treatment 46
therapist 223,treatment 5
therapist 226,treatment 21
therapist 226,treatment 28
therapist 226,treatment 33
therapist 226,treatment 34
therapist 226,treatment 67
therapist 228,treatment 16
therapist 228,treatment 67
therapist 237,treatment 23
therapist 237,treatment 28
therapist 237,treatment 33
therapist 237,treatment 34
therapist 237,treatment 5
therapist 237,treatment 67
therapist 238,treatment 28
therapist 238,treatment 33
therapist 238,treatment 34
therapist 238,treatment 5
therapist 238,treatment 67
therapist 238,treatment 85
therapist 238,treatment 86
therapist 240,treatment 28
therapist 240,treatment 33
therapist 240,treatment 34
therapist 240,treatment 5
therapist 240,treatment 6
therapist 240,treatment 67
therapist 240,treatment 71
therapist 240,treatment 72
therapist 240,treatment 81
therapist 241,treatment 28
therapist 241,treatment 33
therapist 241,treatment 34
therapist 241,treatment 5
therapist 241,treatment 6
therapist 241,treatment 67
therapist 241,treatment 71
therapist 241,treatment 81
therapist 242,treatment 4
therapist 242,treatment 87
therapist 242,treatment 88
therapist 242,treatment 89
therapist 242,treatment 90
therapist 244,treatment 28
therapist 244,treatment 33
therapist 244,treatment 34
therapist 244,treatment 40
therapist 244,treatment 5
therapist 244,treatment 6
therapist 244,treatment 67
therapist 244,treatment 71
therapist 244,treatment 81
therapist 244,treatment 9
therapist 246,treatment 28
therapist 246,treatment 3
therapist 246,treatment 33
therapist 246,treatment 34
therapist 246,treatment 37
therapist 246,treatment 38
therapist 246,treatment 5
therapist 249,treatment 28
therapist 249,treatment 33
therapist 249,treatment 34
therapist 249,treatment 46
therapist 249,treatment 5
therapist 252,treatment 1
therapist 252,treatment 28
therapist 252,treatment 29
therapist 252,treatment 30
therapist 252,treatment 31
therapist 252,treatment 32
therapist 252,treatment 33
therapist 252,treatment 34
therapist 252,treatment 5
therapist 253,treatment 16
therapist 253,treatment 28
therapist 253,treatment 33
therapist 253,treatment 34
therapist 253,treatment 5
therapist 253,treatment 67
therapist 255,treatment 16
therapist 255,treatment 28
therapist 255,treatment 33
therapist 255,treatment 34
therapist 255,treatment 5
therapist 255,treatment 67
therapist 257,treatment 16
therapist 257,treatment 28
therapist 257,treatment 33
therapist 257,treatment 34
therapist 257,treatment 5
therapist 257,treatment 6
therapist 257,treatment 67
therapist 257,treatment 71
therapist 257,treatment 73
therapist 258,treatment 1
therapist 258,treatment 28
therapist 258,treatment 29
therapist 258,treatment 30
therapist 258,treatment 31
therapist 258,treatment 32
therapist 258,treatment 33
therapist 258,treatment 34
therapist 258,treatment 39
therapist 258,treatment 40
therapist 258,treatment 47
therapist 258,treatment 48
therapist 258,treatment 5
therapist 261,treatment 19
therapist 261,treatment 28
therapist 261,treatment 33
therapist 261,treatment 34
therapist 261,treatment 41
therapist 261,treatment 42
therapist 261,treatment 43
therapist 261,treatment 44
therapist 261,treatment 45
therapist 261,treatment 5
therapist 263,treatment 1
therapist 263,treatment 28
therapist 263,treatment 29
therapist 263,treatment 30
therapist 263,treatment 31
therapist 263,treatment 32
therapist 263,treatment 33
therapist 263,treatment 34
therapist 263,treatment 5
therapist 267,treatment 28
therapist 267,treatment 33
therapist 267,treatment 34
therapist 267,treatment 46
therapist 267,treatment 5
therapist 270,treatment 11
therapist 270,treatment 17
therapist 270,treatment 2
therapist 270,treatment 24
therapist 270,treatment 28
therapist 270,treatment 33
therapist 270,treatment 34
therapist 270,treatment 39
therapist 270,treatment 40
therapist 270,treatment 5
therapist 270,treatment 76
therapist 270,treatment 77
therapist 275,treatment 28
therapist 275,treatment 33
therapist 275,treatment 34
therapist 275,treatment 5
therapist 275,treatment 67
therapist 275,treatment 91
therapist 277,treatment 12
therapist 277,treatment 28
therapist 277,treatment 33
therapist 277,treatment 34
therapist 277,treatment 40
therapist 277,treatment 5
therapist 277,treatment 52
therapist 277,treatment 53
therapist 277,treatment 54
therapist 277,treatment 55
therapist 277,treatment 56
therapist 277,treatment 57
therapist 277,treatment 58
therapist 277,treatment 59
therapist 277,treatment 60
therapist 277,treatment 61
therapist 277,treatment 62
therapist 277,treatment 63
therapist 277,treatment 64
therapist 277,treatment 65
therapist 277,treatment 84
therapist 278,treatment 12
therapist 278,treatment 28
therapist 278,treatment 33
therapist 278,treatment 34
therapist 278,treatment 40
therapist 278,treatment 5
therapist 278,treatment 51
therapist 278,treatment 52
therapist 278,treatment 53
therapist 278,treatment 54
therapist 278,treatment 55
therapist 278,treatment 56
therapist 278,treatment 57
therapist 278,treatment 58
therapist 278,treatment 59
therapist 278,treatment 60
therapist 278,treatment 61
therapist 278,treatment 62
therapist 278,treatment 63
therapist 278,treatment 65
therapist 278,treatment 84
therapist 280,treatment 27
therapist 280,treatment 28
therapist 280,treatment 3
therapist 280,treatment 33
therapist 280,treatment 34
therapist 280,treatment 37
therapist 280,treatment 38
therapist 280,treatment 39
therapist 280,treatment 5
therapist 281,treatment 13
therapist 281,treatment 15
therapist 281,treatment 26
therapist 281,treatment 28
therapist 281,treatment 33
therapist 281,treatment 34
therapist 281,treatment 36
therapist 281,treatment 5
therapist 282,treatment 10
therapist 282,treatment 28
therapist 282,treatment 33
therapist 282,treatment 34
therapist 282,treatment 5
therapist 282,treatment 67
therapist 283,treatment 19
therapist 283,treatment 28
therapist 283,treatment 33
therapist 283,treatment 34
therapist 283,treatment 39
therapist 283,treatment 40
therapist 283,treatment 41
therapist 283,treatment 42
therapist 283,treatment 43
therapist 283,treatment 44
therapist 283,treatment 45
therapist 283,treatment 5
therapist 283,treatment 8
therapist 284,treatment 16
therapist 284,treatment 28
therapist 284,treatment 33
therapist 284,treatment 34
therapist 284,treatment 5
therapist 284,treatment 6
therapist 284,treatment 67
therapist 284,treatment 71
therapist 284,treatment 81
therapist 284,treatment 9
therapist 285,treatment 18
therapist 285,treatment 19
therapist 285,treatment 28
therapist 285,treatment 33
therapist 285,treatment 34
therapist 285,treatment 40
therapist 285,treatment 41
therapist 285,treatment 42
therapist 285,treatment 43
therapist 285,treatment 44
therapist 285,treatment 45
therapist 285,treatment 5
therapist 285,treatment 8
therapist 285,treatment 93
therapist 286,treatment 28
therapist 286,treatment 3
therapist 286,treatment 33
therapist 286,treatment 34
therapist 286,treatment 37
therapist 286,treatment 38
therapist 286,treatment 5
therapist 287,treatment 18
therapist 287,treatment 19
therapist 287,treatment 28
therapist 287,treatment 33
therapist 287,treatment 34
therapist 287,treatment 40
therapist 287,treatment 41
therapist 287,treatment 42
therapist 287,treatment 43
therapist 287,treatment 44
therapist 287,treatment 45
therapist 287,treatment 5
therapist 287,treatment 8
therapist 287,treatment 93
therapist 288,treatment 18
therapist 288,treatment 19
therapist 288,treatment 28
therapist 288,treatment 33
therapist 288,treatment 34
therapist 288,treatment 40
therapist 288,treatment 41
therapist 288,treatment 42
therapist 288,treatment 43
therapist 288,treatment 44
therapist 288,treatment 45
therapist 288,treatment 5
therapist 288,treatment 8
therapist 288,treatment 93
therapist 289,treatment 28
therapist 289,treatment 33
therapist 289,treatment 34
therapist 289,treatment 46
therapist 289,treatment 5
therapist 291,treatment 28
therapist 291,treatment 3
therapist 291,treatment 33
therapist 291,treatment 34
therapist 291,treatment 38
therapist 291,treatment 5
therapist 292,treatment 11
therapist 292,treatment 16
therapist 292,treatment 28
therapist 292,treatment 33
therapist 292,treatment 34
therapist 292,treatment 5
therapist 292,treatment 6
therapist 292,treatment 67
therapist 292,treatment 71
therapist 292,treatment 73
therapist 292,treatment 91
therapist 293,treatment 16
therapist 293,treatment 66
therapist 293,treatment 67
therapist 293,treatment 71
therapist 293,treatment 72
therapist 293,treatment 73
therapist 293,treatment 81
therapist 293,treatment 83
therapist 293,treatment 94
therapist 293,treatment 95
therapist 293,treatment 96
therapist 294,treatment 13
therapist 294,treatment 14
therapist 295,treatment 28
therapist 295,treatment 33
therapist 295,treatment 34
therapist 295,treatment 49
therapist 295,treatment 5
therapist 295,treatment 7
therapist 295,treatment 78
therapist 295,treatment 79
therapist 295,treatment 80
therapist 296,treatment 28
therapist 296,treatment 33
therapist 296,treatment 34
therapist 296,treatment 46
therapist 296,treatment 5
therapist 297,treatment 19
therapist 297,treatment 28
therapist 297,treatment 33
therapist 297,treatment 34
therapist 297,treatment 36
therapist 297,treatment 39
therapist 297,treatment 40
therapist 297,treatment 41
therapist 297,treatment 42
therapist 297,treatment 43
therapist 297,treatment 44
therapist 297,treatment 45
therapist 297,treatment 5
therapist 297,treatment 8
therapist 297,treatment 93
therapist 298,treatment 18
therapist 298,treatment 19
therapist 298,treatment 28
therapist 298,treatment 33
therapist 298,treatment 34
therapist 298,treatment 39
therapist 298,treatment 40
therapist 298,treatment 41
therapist 298,treatment 42
therapist 298,treatment 43
therapist 298,treatment 44
therapist 298,treatment 45
therapist 298,treatment 5
therapist 298,treatment 8
therapist 298,treatment 93
therapist 301,treatment 17
therapist 301,treatment 2
therapist 301,treatment 24
therapist 301,treatment 28
therapist 301,treatment 33
therapist 301,treatment 34
therapist 301,treatment 5
therapist 301,treatment 97
therapist 302,treatment 98
therapist 303,treatment 1
therapist 303,treatment 28
therapist 303,treatment 29
therapist 303,treatment 30
therapist 303,treatment 31
therapist 303,treatment 32
therapist 303,treatment 33
therapist 303,treatment 34
therapist 303,treatment 39
therapist 303,treatment 5
therapist 303,treatment 75
therapist 307,treatment 11
therapist 307,treatment 17
therapist 307,treatment 2
therapist 307,treatment 24
therapist 307,treatment 28
therapist 307,treatment 33
therapist 307,treatment 34
therapist 307,treatment 5
therapist 307,treatment 76
therapist 310,treatment 11
therapist 310,treatment 16
therapist 310,treatment 23
therapist 310,treatment 28
therapist 310,treatment 33
therapist 310,treatment 34
therapist 310,treatment 40
therapist 310,treatment 5
therapist 310,treatment 6
therapist 310,treatment 66
therapist 310,treatment 67
therapist 310,treatment 71
therapist 310,treatment 72
therapist 310,treatment 73
therapist 310,treatment 81
therapist 310,treatment 83
therapist 310,treatment 85
therapist 310,treatment 86
therapist 310,treatment 9
therapist 310,treatment 91
therapist 310,treatment 94
therapist 310,treatment 95
therapist 310,treatment 96
therapist 310,treatment 99
therapist 311,treatment 28
therapist 311,treatment 33
therapist 311,treatment 34
therapist 311,treatment 5
therapist 311,treatment 6
therapist 311,treatment 67
therapist 311,treatment 71
therapist 311,treatment 73
therapist 318,treatment 15
therapist 318,treatment 17
therapist 318,treatment 2
therapist 318,treatment 24
therapist 318,treatment 28
therapist 318,treatment 33
therapist 318,treatment 34
therapist 318,treatment 5
therapist 318,treatment 76
therapist 318,treatment 77
therapist 319,treatment 19
therapist 319,treatment 28
therapist 319,treatment 33
therapist 319,treatment 34
therapist 319,treatment 41
therapist 319,treatment 42
therapist 319,treatment 43
therapist 319,treatment 44
therapist 319,treatment 45
therapist 319,treatment 5
therapist 319,treatment 8
therapist 32,treatment 28
therapist 32,treatment 3
therapist 32,treatment 33
therapist 32,treatment 34
therapist 32,treatment 37
therapist 32,treatment 38
therapist 32,treatment 5
therapist 322,treatment 16
therapist 323,treatment 11
therapist 323,treatment 15
therapist 323,treatment 17
therapist 323,treatment 18
therapist 323,treatment 2
therapist 323,treatment 20
therapist 323,treatment 22
therapist 323,treatment 24
therapist 323,treatment 28
therapist 323,treatment 33
therapist 323,treatment 34
therapist 323,treatment 36
therapist 323,treatment 39
therapist 323,treatment 40
therapist 323,treatment 5
therapist 323,treatment 70
therapist 323,treatment 76
therapist 323,treatment 77
therapist 323,treatment 85
therapist 323,treatment 9
therapist 323,treatment 98
therapist 326,treatment 28
therapist 326,treatment 3
therapist 326,treatment 33
therapist 326,treatment 34
therapist 326,treatment 36
therapist 326,treatment 37
therapist 326,treatment 38
therapist 326,treatment 39
therapist 326,treatment 5
therapist 33,treatment 28
therapist 33,treatment 33
therapist 33,treatment 34
therapist 33,treatment 5
therapist 33,treatment 6
therapist 33,treatment 67
therapist 330,treatment 28
therapist 330,treatment 33
therapist 330,treatment 34
therapist 330,treatment 5
therapist 330,treatment 6
therapist 330,treatment 67
therapist 330,treatment 71
therapist 330,treatment 73
therapist 331,treatment 12
therapist 331,treatment 28
therapist 331,treatment 33
therapist 331,treatment 34
therapist 331,treatment 5
therapist 331,treatment 65
therapist 332,treatment 28
therapist 332,treatment 33
therapist 332,treatment 34
therapist 332,treatment 40
therapist 332,treatment 5
therapist 332,treatment 6
therapist 332,treatment 67
therapist 332,treatment 71
therapist 332,treatment 73
therapist 333,treatment 12
therapist 333,treatment 25
therapist 333,treatment 28
therapist 333,treatment 33
therapist 333,treatment 34
therapist 333,treatment 36
therapist 333,treatment 39
therapist 333,treatment 40
therapist 333,treatment 5
therapist 333,treatment 50
therapist 333,treatment 51
therapist 333,treatment 52
therapist 333,treatment 53
therapist 333,treatment 54
therapist 333,treatment 55
therapist 333,treatment 56
therapist 333,treatment 57
therapist 333,treatment 58
therapist 333,treatment 59
therapist 333,treatment 60
therapist 333,treatment 61
therapist 333,treatment 62
therapist 333,treatment 63
therapist 333,treatment 64
therapist 333,treatment 65
therapist 333,treatment 84
therapist 335,treatment 25
therapist 335,treatment 28
therapist 335,treatment 33
therapist 335,treatment 34
therapist 335,treatment 36
therapist 335,treatment 39
therapist 335,treatment 4
therapist 335,treatment 40
therapist 335,treatment 5
therapist 335,treatment 55
therapist 335,treatment 87
therapist 335,treatment 88
therapist 335,treatment 89
therapist 335,treatment 90
therapist 338,treatment 11
therapist 338,treatment 15
therapist 338,treatment 17
therapist 338,treatment 18
therapist 338,treatment 2
therapist 338,treatment 20
therapist 338,treatment 22
therapist 338,treatment 24
therapist 338,treatment 28
therapist 338,treatment 33
therapist 338,treatment 34
therapist 338,treatment 36
therapist 338,treatment 39
therapist 338,treatment 40
therapist 338,treatment 5
therapist 338,treatment 70
therapist 338,treatment 76
therapist 338,treatment 77
therapist 338,treatment 85
therapist 338,treatment 9
therapist 338,treatment 98
therapist 339,treatment 11
therapist 339,treatment 15
therapist 339,treatment 17
therapist 339,treatment 2
therapist 339,treatment 20
therapist 339,treatment 24
therapist 339,treatment 28
therapist 339,treatment 33
therapist 339,treatment 34
therapist 339,treatment 40
therapist 339,treatment 5
therapist 339,treatment 76
therapist 34,treatment 28
therapist 34,treatment 33
therapist 34,treatment 34
therapist 34,treatment 5
therapist 34,treatment 67
therapist 340,treatment 11
therapist 340,treatment 33
therapist 340,treatment 34
therapist 340,treatment 36
therapist 340,treatment 5
therapist 340,treatment 6
therapist 340,treatment 66
therapist 340,treatment 67
therapist 340,treatment 71
therapist 340,treatment 73
therapist 340,treatment 81
therapist 340,treatment 91
therapist 341,treatment 11
therapist 341,treatment 15
therapist 341,treatment 17
therapist 341,treatment 18
therapist 341,treatment 2
therapist 341,treatment 20
therapist 341,treatment 22
therapist 341,treatment 24
therapist 341,treatment 28
therapist 341,treatment 33
therapist 341,treatment 34
therapist 341,treatment 36
therapist 341,treatment 39
therapist 341,treatment 40
therapist 341,treatment 5
therapist 341,treatment 70
therapist 341,treatment 76
therapist 341,treatment 77
therapist 341,treatment 85
therapist 341,treatment 9
therapist 341,treatment 98
therapist 342,treatment 28
therapist 342,treatment 33
therapist 342,treatment 34
therapist 342,treatment 46
therapist 342,treatment 5
therapist 342,treatment 69
therapist 343,treatment 28
therapist 343,treatment 33
therapist 343,treatment 34
therapist 343,treatment 5
therapist 343,treatment 6
therapist 343,treatment 73
therapist 344,treatment 101
therapist 344,treatment 102
therapist 344,treatment 28
therapist 344,treatment 33
therapist 344,treatment 34
therapist 344,treatment 46
therapist 344,treatment 5
therapist 345,treatment 18
therapist 345,treatment 19
therapist 345,treatment 28
therapist 345,treatment 33
therapist 345,treatment 34
therapist 345,treatment 36
therapist 345,treatment 39
therapist 345,treatment 40
therapist 345,treatment 41
therapist 345,treatment 42
therapist 345,treatment 43
therapist 345,treatment 44
therapist 345,treatment 45
therapist 345,treatment 5
therapist 345,treatment 8
therapist 345,treatment 93
therapist 346,treatment 10
therapist 346,treatment 28
therapist 346,treatment 33
therapist 346,treatment 34
therapist 346,treatment 5
therapist 347,treatment 10
therapist 347,treatment 11
therapist 347,treatment 20
therapist 347,treatment 21
therapist 347,treatment 23
therapist 347,treatment 28
therapist 347,treatment 33
therapist 347,treatment 34
therapist 347,treatment 36
therapist 347,treatment 40
therapist 347,treatment 5
therapist 347,treatment 6
therapist 347,treatment 67
therapist 347,treatment 71
therapist 347,treatment 74
therapist 347,treatment 85
therapist 347,treatment 86
therapist 347,treatment 9
therapist 347,treatment 91
therapist 347,treatment 99
therapist 349,treatment 12
therapist 349,treatment 20
therapist 349,treatment 25
therapist 349,treatment 28
therapist 349,treatment 33
therapist 349,treatment 34
therapist 349,treatment 36
therapist 349,treatment 39
therapist 349,treatment 40
therapist 349,treatment 5
therapist 349,treatment 50
therapist 349,treatment 51
therapist 349,treatment 52
therapist 349,treatment 53
therapist 349,treatment 54
therapist 349,treatment 55
therapist 349,treatment 56
therapist 349,treatment 57
therapist 349,treatment 58
therapist 349,treatment 59
therapist 349,treatment 60
therapist 349,treatment 61
therapist 349,treatment 62
therapist 349,treatment 63
therapist 349,treatment 64
therapist 349,treatment 65
therapist 349,treatment 84
therapist 35,treatment 17
therapist 35,treatment 2
therapist 35,treatment 24
therapist 35,treatment 28
therapist 35,treatment 33
therapist 35,treatment 34
therapist 35,treatment 5
therapist 35,treatment 70
therapist 350,treatment 11
therapist 350,treatment 15
therapist 350,treatment 17
therapist 350,treatment 18
therapist 350,treatment 2
therapist 350,treatment 20
therapist 350,treatment 22
therapist 350,treatment 24
therapist 350,treatment 28
therapist 350,treatment 33
therapist 350,treatment 34
therapist 350,treatment 36
therapist 350,treatment 39
therapist 350,treatment 40
therapist 350,treatment 5
therapist 350,treatment 70
therapist 350,treatment 76
therapist 350,treatment 77
therapist 350,treatment 85
therapist 350,treatment 9
therapist 350,treatment 98
therapist 351,treatment 28
therapist 351,treatment 33
therapist 351,treatment 34
therapist 351,treatment 5
therapist 351,treatment 60
therapist 351,treatment 65
therapist 362,treatment 1
therapist 362,treatment 20
therapist 362,treatment 28
therapist 362,treatment 29
therapist 362,treatment 30
therapist 362,treatment 32
therapist 362,treatment 33
therapist 362,treatment 34
therapist 362,treatment 36
therapist 362,treatment 39
therapist 362,treatment 47
therapist 362,treatment 48
therapist 362,treatment 49
therapist 362,treatment 5
therapist 362,treatment 74
therapist 362,treatment 75
therapist 364,treatment 101
therapist 364,treatment 102
therapist 364,treatment 28
therapist 364,treatment 33
therapist 364,treatment 34
therapist 364,treatment 46
therapist 364,treatment 5
therapist 366,treatment 101
therapist 366,treatment 102
therapist 366,treatment 20
therapist 366,treatment 28
therapist 366,treatment 33
therapist 366,treatment 34
therapist 366,treatment 36
therapist 366,treatment 46
therapist 366,treatment 5
therapist 366,treatment 68
therapist 366,treatment 69
therapist 368,treatment 101
therapist 368,treatment 102
therapist 368,treatment 20
therapist 368,treatment 28
therapist 368,treatment 33
therapist 368,treatment 34
therapist 368,treatment 36
therapist 368,treatment 46
therapist 368,treatment 5
therapist 368,treatment 68
therapist 368,treatment 69
therapist 369,treatment 11
therapist 369,treatment 15
therapist 369,treatment 17
therapist 369,treatment 18
therapist 369,treatment 2
therapist 369,treatment 20
therapist 369,treatment 22
therapist 369,treatment 24
therapist 369,treatment 28
therapist 369,treatment 33
therapist 369,treatment 34
therapist 369,treatment 36
therapist 369,treatment 39
therapist 369,treatment 40
therapist 369,treatment 5
therapist 369,treatment 70
therapist 369,treatment 76
therapist 369,treatment 77
therapist 369,treatment 85
therapist 369,treatment 9
therapist 369,treatment 98
therapist 37,treatment 28
therapist 37,treatment 33
therapist 37,treatment 34
therapist 37,treatment 5
therapist 37,treatment 67
therapist 370,treatment 20
therapist 370,treatment 27
therapist 370,treatment 28
therapist 370,treatment 33
therapist 370,treatment 34
therapist 370,treatment 36
therapist 370,treatment 39
therapist 370,treatment 49
therapist 370,treatment 5
therapist 370,treatment 7
therapist 370,treatment 78
therapist 370,treatment 79
therapist 370,treatment 80
therapist 371,treatment 10
therapist 371,treatment 11
therapist 371,treatment 16
therapist 371,treatment 20
therapist 371,treatment 21
therapist 371,treatment 23
therapist 371,treatment 28
therapist 371,treatment 33
therapist 371,treatment 34
therapist 371,treatment 36
therapist 371,treatment 40
therapist 371,treatment 5
therapist 371,treatment 6
therapist 371,treatment 66
therapist 371,treatment 67
therapist 371,treatment 71
therapist 371,treatment 72
therapist 371,treatment 73
therapist 371,treatment 74
therapist 371,treatment 81
therapist 371,treatment 83
therapist 371,treatment 86
therapist 371,treatment 9
therapist 371,treatment 91
therapist 371,treatment 95
therapist 371,treatment 96
therapist 372,treatment 101
therapist 372,treatment 102
therapist 372,treatment 20
therapist 372,treatment 28
therapist 372,treatment 33
therapist 372,treatment 34
therapist 372,treatment 36
therapist 372,treatment 5
therapist 372,treatment 68
therapist 372,treatment 69
therapist 373,treatment 101
therapist 373,treatment 102
therapist 373,treatment 20
therapist 373,treatment 28
therapist 373,treatment 33
therapist 373,treatment 34
therapist 373,treatment 36
therapist 373,treatment 5
therapist 373,treatment 68
therapist 373,treatment 69
therapist 376,treatment 20
therapist 376,treatment 27
therapist 376,treatment 28
therapist 376,treatment 33
therapist 376,treatment 34
therapist 376,treatment 36
therapist 376,treatment 39
therapist 376,treatment 49
therapist 376,treatment 5
therapist 376,treatment 7
therapist 376,treatment 78
therapist 376,treatment 79
therapist 376,treatment 80
therapist 377,treatment 10
therapist 377,treatment 11
therapist 377,treatment 16
therapist 377,treatment 20
therapist 377,treatment 21
therapist 377,treatment 23
therapist 377,treatment 28
therapist 377,treatment 33
therapist 377,treatment 34
therapist 377,treatment 36
therapist 377,treatment 40
therapist 377,treatment 5
therapist 377,treatment 6
therapist 377,treatment 66
therapist 377,treatment 67
therapist 377,treatment 71
therapist 377,treatment 72
therapist 377,treatment 73
therapist 377,treatment 74
therapist 377,treatment 81
therapist 377,treatment 83
therapist 377,treatment 85
therapist 377,treatment 86
therapist 377,treatment 9
therapist 377,treatment 91
therapist 377,treatment 94
therapist 377,treatment 95
therapist 377,treatment 96
therapist 377,treatment 99
therapist 378,treatment 10
therapist 378,treatment 11
therapist 378,treatment 16
therapist 378,treatment 20
therapist 378,treatment 21
therapist 378,treatment 23
therapist 378,treatment 28
therapist 378,treatment 33
therapist 378,treatment 34
therapist 378,treatment 36
therapist 378,treatment 40
therapist 378,treatment 5
therapist 378,treatment 66
therapist 378,treatment 67
therapist 378,treatment 71
therapist 378,treatment 72
therapist 378,treatment 73
therapist 378,treatment 74
therapist 378,treatment 81
therapist 378,treatment 83
therapist 378,treatment 85
therapist 378,treatment 86
therapist 378,treatment 9
therapist 378,treatment 91
therapist 378,treatment 94
therapist 378,treatment 95
therapist 378,treatment 96
therapist 378,treatment 99
therapist 379,treatment 10
therapist 379,treatment 11
therapist 379,treatment 16
therapist 379,treatment 20
therapist 379,treatment 21
therapist 379,treatment 23
therapist 379,treatment 28
therapist 379,treatment 33
therapist 379,treatment 34
therapist 379,treatment 36
therapist 379,treatment 40
therapist 379,treatment 5
therapist 379,treatment 6
therapist 379,treatment 66
therapist 379,treatment 67
therapist 379,treatment 71
therapist 379,treatment 72
therapist 379,treatment 73
therapist 379,treatment 74
therapist 379,treatment 81
therapist 379,treatment 83
therapist 379,treatment 85
therapist 379,treatment 86
therapist 379,treatment 9
therapist 379,treatment 91
therapist 379,treatment 94
therapist 379,treatment 95
therapist 379,treatment 96
therapist 379,treatment 99
therapist 38,treatment 12
therapist 38,treatment 28
therapist 38,treatment 33
therapist 38,treatment 34
therapist 38,treatment 5
therapist 38,treatment 50
therapist 38,treatment 51
therapist 38,treatment 52
therapist 38,treatment 53
therapist 38,treatment 55
therapist 38,treatment 56
therapist 38,treatment 57
therapist 38,treatment 58
therapist 38,treatment 59
therapist 38,treatment 60
therapist 38,treatment 61
therapist 38,treatment 62
therapist 38,treatment 63
therapist 38,treatment 65
therapist 380,treatment 10
therapist 380,treatment 11
therapist 380,treatment 16
therapist 380,treatment 20
therapist 380,treatment 21
therapist 380,treatment 23
therapist 380,treatment 28
therapist 380,treatment 33
therapist 380,treatment 34
therapist 380,treatment 36
therapist 380,treatment 40
therapist 380,treatment 5
therapist 380,treatment 6
therapist 380,treatment 66
therapist 380,treatment 67
therapist 380,treatment 71
therapist 380,treatment 72
therapist 380,treatment 73
therapist 380,treatment 74
therapist 380,treatment 81
therapist 380,treatment 83
therapist 380,treatment 85
therapist 380,treatment 86
therapist 380,treatment 9
therapist 380,treatment 91
therapist 380,treatment 94
therapist 380,treatment 95
therapist 380,treatment 96
therapist 380,treatment 99
therapist 381,treatment 10
therapist 381,treatment 11
therapist 381,treatment 16
therapist 381,treatment 20
therapist 381,treatment 21
therapist 381,treatment 23
therapist 381,treatment 28
therapist 381,treatment 33
therapist 381,treatment 34
therapist 381,treatment 36
therapist 381,treatment 40
therapist 381,treatment 5
therapist 381,treatment 6
therapist 381,treatment 66
therapist 381,treatment 67
therapist 381,treatment 71
therapist 381,treatment 72
therapist 381,treatment 73
therapist 381,treatment 74
therapist 381,treatment 81
therapist 381,treatment 83
therapist 381,treatment 85
therapist 381,treatment 86
therapist 381,treatment 9
therapist 381,treatment 91
therapist 381,treatment 94
therapist 381,treatment 95
therapist 381,treatment 96
therapist 381,treatment 99
therapist 383,treatment 10
therapist 383,treatment 11
therapist 383,treatment 16
therapist 383,treatment 20
therapist 383,treatment 21
therapist 383,treatment 23
therapist 383,treatment 28
therapist 383,treatment 33
therapist 383,treatment 34
therapist 383,treatment 36
therapist 383,treatment 40
therapist 383,treatment 5
therapist 383,treatment 6
therapist 383,treatment 66
therapist 383,treatment 67
therapist 383,treatment 71
therapist 383,treatment 72
therapist 383,treatment 73
therapist 383,treatment 74
therapist 383,treatment 81
therapist 383,treatment 83
therapist 383,treatment 85
therapist 383,treatment 86
therapist 383,treatment 9
therapist 383,treatment 91
therapist 383,treatment 94
therapist 383,treatment 95
therapist 383,treatment 96
therapist 383,treatment 99
therapist 384,treatment 10
therapist 384,treatment 11
therapist 384,treatment 16
therapist 384,treatment 20
therapist 384,treatment 21
therapist 384,treatment 23
therapist 384,treatment 28
therapist 384,treatment 33
therapist 384,treatment 34
therapist 384,treatment 36
therapist 384,treatment 40
therapist 384,treatment 5
therapist 384,treatment 6
therapist 384,treatment 66
therapist 384,treatment 67
therapist 384,treatment 71
therapist 384,treatment 72
therapist 384,treatment 73
therapist 384,treatment 74
therapist 384,treatment 81
therapist 384,treatment 83
therapist 384,treatment 85
therapist 384,treatment 86
therapist 384,treatment 9
therapist 384,treatment 91
therapist 384,treatment 94
therapist 384,treatment 95
therapist 384,treatment 96
therapist 384,treatment 99
therapist 385,treatment 12
therapist 385,treatment 28
therapist 385,treatment 33
therapist 385,treatment 34
therapist 385,treatment 5
therapist 385,treatment 50
therapist 385,treatment 51
therapist 385,treatment 52
therapist 385,treatment 53
therapist 385,treatment 54
therapist 385,treatment 55
therapist 385,treatment 56
therapist 385,treatment 57
therapist 385,treatment 58
therapist 385,treatment 59
therapist 385,treatment 60
therapist 385,treatment 61
therapist 385,treatment 62
therapist 385,treatment 63
therapist 385,treatment 65
therapist 385,treatment 84
therapist 386,treatment 16
therapist 386,treatment 34
therapist 386,treatment 6
therapist 386,treatment 73
therapist 386,treatment 74
therapist 387,treatment 28
therapist 387,treatment 33
therapist 387,treatment 34
therapist 387,treatment 5
therapist 387,treatment 65
therapist 388,treatment 12
therapist 388,treatment 28
therapist 388,treatment 33
therapist 388,treatment 34
therapist 388,treatment 40
therapist 388,treatment 5
therapist 388,treatment 50
therapist 388,treatment 52
therapist 388,treatment 53
therapist 388,treatment 54
therapist 388,treatment 55
therapist 388,treatment 56
therapist 388,treatment 57
therapist 388,treatment 58
therapist 388,treatment 59
therapist 388,treatment 60
therapist 388,treatment 61
therapist 388,treatment 63
therapist 388,treatment 64
therapist 388,treatment 65
therapist 388,treatment 84
therapist 389,treatment 17
therapist 389,treatment 2
therapist 390,treatment 19
therapist 390,treatment 28
therapist 390,treatment 33
therapist 390,treatment 34
therapist 390,treatment 41
therapist 390,treatment 42
therapist 390,treatment 43
therapist 390,treatment 44
therapist 390,treatment 45
therapist 390,treatment 5
therapist 391,treatment 1
therapist 391,treatment 28
therapist 391,treatment 29
therapist 391,treatment 30
therapist 391,treatment 31
therapist 391,treatment 32
therapist 391,treatment 33
therapist 391,treatment 34
therapist 391,treatment 5
therapist 392,treatment 33
therapist 392,treatment 34
therapist 392,treatment 6
therapist 392,treatment 71
therapist 393,treatment 1
therapist 393,treatment 28
therapist 393,treatment 29
therapist 393,treatment 30
therapist 393,treatment 31
therapist 393,treatment 32
therapist 393,treatment 33
therapist 393,treatment 34
therapist 394,treatment 17
therapist 394,treatment 2
therapist 394,treatment 24
therapist 394,treatment 28
therapist 394,treatment 33
therapist 394,treatment 34
therapist 394,treatment 5
therapist 395,treatment 2
therapist 395,treatment 24
therapist 395,treatment 28
therapist 395,treatment 33
therapist 395,treatment 34
therapist 395,treatment 5
therapist 396,treatment 19
therapist 396,treatment 28
therapist 396,treatment 33
therapist 396,treatment 34
therapist 396,treatment 41
therapist 396,treatment 42
therapist 396,treatment 43
therapist 396,treatment 44
therapist 396,treatment 45
therapist 396,treatment 5
therapist 397,treatment 17
therapist 397,treatment 2
therapist 397,treatment 24
therapist 397,treatment 28
therapist 397,treatment 33
therapist 397,treatment 34
therapist 397,treatment 5
therapist 398,treatment 17
therapist 398,treatment 2
therapist 398,treatment 24
therapist 398,treatment 28
therapist 398,treatment 33
therapist 398,treatment 34
therapist 398,treatment 5
therapist 399,treatment 19
therapist 399,treatment 28
therapist 399,treatment 33
therapist 399,treatment 34
therapist 399,treatment 41
therapist 399,treatment 42
therapist 399,treatment 43
therapist 399,treatment 44
therapist 399,treatment 45
therapist 399,treatment 5
therapist 40,treatment 28
therapist 40,treatment 3
therapist 40,treatment 33
therapist 40,treatment 34
therapist 40,treatment 38
therapist 40,treatment 5
therapist 400,treatment 28
therapist 400,treatment 33
therapist 400,treatment 34
therapist 400,treatment 39
therapist 400,treatment 49
therapist 400,treatment 5
therapist 400,treatment 7
therapist 400,treatment 78
therapist 400,treatment 79
therapist 400,treatment 80
therapist 401,treatment 1
therapist 401,treatment 28
therapist 401,treatment 29
therapist 401,treatment 30
therapist 401,treatment 31
therapist 401,treatment 32
therapist 401,treatment 33
therapist 401,treatment 34
therapist 401,treatment 39
therapist 401,treatment 47
therapist 401,treatment 48
therapist 401,treatment 49
therapist 401,treatment 5
therapist 401,treatment 75
therapist 402,treatment 27
therapist 402,treatment 28
therapist 402,treatment 33
therapist 402,treatment 34
therapist 402,treatment 36
therapist 402,treatment 39
therapist 402,treatment 49
therapist 402,treatment 5
therapist 403,treatment 28
therapist 403,treatment 33
therapist 403,treatment 34
therapist 403,treatment 5
therapist 403,treatment 67
therapist 404,treatment 17
therapist 404,treatment 2
therapist 405,treatment 28
therapist 405,treatment 33
therapist 405,treatment 34
therapist 405,treatment 5
therapist 405,treatment 7
therapist 405,treatment 79
therapist 405,treatment 80
therapist 406,treatment 17
therapist 406,treatment 2
therapist 406,treatment 24
therapist 406,treatment 28
therapist 406,treatment 33
therapist 406,treatment 34
therapist 406,treatment 5
therapist 407,treatment 17
therapist 407,treatment 2
therapist 407,treatment 24
therapist 407,treatment 28
therapist 407,treatment 33
therapist 407,treatment 34
therapist 407,treatment 5
therapist 408,treatment 28
therapist 408,treatment 33
therapist 408,treatment 34
therapist 408,treatment 5
therapist 408,treatment 67
therapist 409,treatment 46
therapist 41,treatment 28
therapist 41,treatment 3
therapist 41,treatment 33
therapist 41,treatment 34
therapist 41,treatment 36
therapist 41,treatment 38
therapist 41,treatment 5
therapist 42,treatment 28
therapist 42,treatment 3
therapist 42,treatment 33
therapist 42,treatment 34
therapist 42,treatment 37
therapist 42,treatment 38
therapist 42,treatment 5
therapist 43,treatment 28
therapist 43,treatment 3
therapist 43,treatment 33
therapist 43,treatment 34
therapist 43,treatment 38
therapist 43,treatment 5
therapist 44,treatment 19
therapist 44,treatment 28
therapist 44,treatment 33
therapist 44,treatment 34
therapist 44,treatment 40
therapist 44,treatment 41
therapist 44,treatment 42
therapist 44,treatment 43
therapist 44,treatment 44
therapist 44,treatment 45
therapist 44,treatment 5
therapist 45,treatment 28
therapist 45,treatment 33
therapist 45,treatment 34
therapist 45,treatment 5
therapist 45,treatment 6
therapist 45,treatment 67
therapist 46,treatment 28
therapist 46,treatment 3
therapist 46,treatment 33
therapist 46,treatment 34
therapist 46,treatment 36
therapist 46,treatment 38
therapist 46,treatment 5
therapist 46,treatment 92
therapist 47,treatment 17
therapist 47,treatment 2
therapist 47,treatment 24
therapist 47,treatment 28
therapist 47,treatment 33
therapist 47,treatment 34
therapist 47,treatment 5
therapist 47,treatment 76
therapist 5,treatment 17
therapist 5,treatment 2
therapist 5,treatment 24
therapist 5,treatment 28
therapist 5,treatment 33
therapist 5,treatment 34
therapist 5,treatment 5
therapist 50,treatment 28
therapist 50,treatment 33
therapist 50,treatment 34
therapist 50,treatment 5
therapist 50,treatment 6
therapist 51,treatment 11
therapist 51,treatment 28
therapist 51,treatment 33
therapist 51,treatment 34
therapist 51,treatment 36
therapist 51,treatment 5
therapist 51,treatment 6
therapist 51,treatment 67
therapist 51,treatment 72
therapist 51,treatment 73
therapist 51,treatment 81
therapist 51,treatment 9
therapist 53,treatment 28
therapist 53,treatment 33
therapist 53,treatment 34
therapist 53,treatment 5
therapist 53,treatment 6
therapist 53,treatment 67
therapist 55,treatment 3
therapist 55,treatment 38
therapist 56,treatment 6
therapist 58,treatment 17
therapist 58,treatment 2
therapist 58,treatment 24
therapist 58,treatment 28
therapist 58,treatment 33
therapist 58,treatment 34
therapist 58,treatment 5
therapist 59,treatment 28
therapist 59,treatment 33
therapist 59,treatment 34
therapist 59,treatment 5
therapist 59,treatment 6
therapist 59,treatment 67
therapist 6,treatment 13
therapist 6,treatment 26
therapist 6,treatment 28
therapist 6,treatment 33
therapist 6,treatment 34
therapist 6,treatment 5
therapist 60,treatment 28
therapist 60,treatment 3
therapist 60,treatment 33
therapist 60,treatment 34
therapist 60,treatment 38
therapist 60,treatment 5
therapist 61,treatment 17
therapist 61,treatment 2
therapist 61,treatment 24
therapist 61,treatment 28
therapist 61,treatment 33
therapist 61,treatment 34
therapist 61,treatment 5
therapist 62,treatment 17
therapist 62,treatment 2
therapist 62,treatment 24
therapist 62,treatment 28
therapist 62,treatment 33
therapist 62,treatment 34
therapist 62,treatment 5
therapist 62,treatment 76
therapist 63,treatment 28
therapist 63,treatment 33
therapist 63,treatment 34
therapist 63,treatment 5
therapist 63,treatment 6
therapist 64,treatment 28
therapist 64,treatment 33
therapist 64,treatment 34
therapist 64,treatment 5
therapist 64,treatment 6
therapist 64,treatment 67
therapist 64,treatment 71
therapist 66,treatment 11
therapist 66,treatment 17
therapist 66,treatment 2
therapist 66,treatment 24
therapist 66,treatment 28
therapist 66,treatment 33
therapist 66,treatment 34
therapist 66,treatment 5
therapist 67,treatment 25
therapist 67,treatment 28
therapist 67,treatment 33
therapist 67,treatment 34
therapist 67,treatment 36
therapist 67,treatment 39
therapist 67,treatment 4
therapist 67,treatment 40
therapist 67,treatment 5
therapist 67,treatment 55
therapist 67,treatment 87
therapist 67,treatment 88
therapist 67,treatment 89
therapist 67,treatment 90
therapist 69,treatment 28
therapist 69,treatment 33
therapist 69,treatment 34
therapist 69,treatment 5
therapist 69,treatment 6
therapist 69,treatment 73
therapist 7,treatment 17
therapist 7,treatment 2
therapist 7,treatment 24
therapist 7,treatment 28
therapist 7,treatment 33
therapist 7,treatment 34
therapist 7,treatment 5
therapist 7,treatment 70
therapist 70,treatment 5
therapist 71,treatment 6
therapist 73,treatment 5
therapist 73,treatment 6
therapist 77,treatment 6
therapist 78,treatment 11
therapist 78,treatment 17
therapist 78,treatment 2
therapist 78,treatment 24
therapist 78,treatment 28
therapist 78,treatment 33
therapist 78,treatment 34
therapist 78,treatment 5
therapist 8,treatment 17
therapist 8,treatment 22
therapist 8,treatment 25
therapist 8,treatment 28
therapist 8,treatment 33
therapist 8,treatment 34
therapist 8,treatment 5
therapist 80,treatment 17
therapist 80,treatment 2
therapist 80,treatment 24
therapist 80,treatment 28
therapist 80,treatment 33
therapist 80,treatment 34
therapist 80,treatment 5
therapist 83,treatment 100
therapist 83,treatment 28
therapist 83,treatment 3
therapist 83,treatment 33
therapist 83,treatment 34
therapist 83,treatment 38
therapist 83,treatment 5
therapist 84,treatment 11
therapist 84,treatment 15
therapist 84,treatment 17
therapist 84,treatment 18
therapist 84,treatment 2
therapist 84,treatment 20
therapist 84,treatment 22
therapist 84,treatment 24
therapist 84,treatment 28
therapist 84,treatment 33
therapist 84,treatment 34
therapist 84,treatment 36
therapist 84,treatment 39
therapist 84,treatment 40
therapist 84,treatment 5
therapist 84,treatment 70
therapist 84,treatment 76
therapist 84,treatment 77
therapist 84,treatment 85
therapist 84,treatment 9
therapist 84,treatment 98
therapist 85,treatment 11
therapist 85,treatment 15
therapist 85,treatment 17
therapist 85,treatment 18
therapist 85,treatment 2
therapist 85,treatment 20
therapist 85,treatment 22
therapist 85,treatment 24
therapist 85,treatment 28
therapist 85,treatment 33
therapist 85,treatment 34
therapist 85,treatment 36
therapist 85,treatment 39
therapist 85,treatment 40
therapist 85,treatment 5
therapist 85,treatment 70
therapist 85,treatment 76
therapist 85,treatment 77
therapist 85,treatment 85
therapist 85,treatment 9
therapist 85,treatment 98
therapist 87,treatment 11
therapist 87,treatment 15
therapist 87,treatment 17
therapist 87,treatment 18
therapist 87,treatment 2
therapist 87,treatment 20
therapist 87,treatment 22
therapist 87,treatment 24
therapist 87,treatment 28
therapist 87,treatment 33
therapist 87,treatment 34
therapist 87,treatment 36
therapist 87,treatment 39
therapist 87,treatment 40
therapist 87,treatment 5
therapist 87,treatment 70
therapist 87,treatment 76
therapist 87,treatment 77
therapist 87,treatment 85
therapist 87,treatment 9
therapist 87,treatment 98
therapist 89,treatment 11
therapist 89,treatment 15
therapist 89,treatment 17
therapist 89,treatment 18
therapist 89,treatment 2
therapist 89,treatment 20
therapist 89,treatment 22
therapist 89,treatment 24
therapist 89,treatment 28
therapist 89,treatment 33
therapist 89,treatment 34
therapist 89,treatment 36
therapist 89,treatment 39
therapist 89,treatment 40
therapist 89,treatment 5
therapist 89,treatment 70
therapist 89,treatment 76
therapist 89,treatment 77
therapist 89,treatment 85
therapist 89,treatment 9
therapist 89,treatment 98
therapist 90,treatment 34
therapist 90,treatment 5
therapist 90,treatment 6
therapist 91,treatment 34
therapist 91,treatment 5
therapist 91,treatment 6
therapist 96,treatment 10
therapist 96,treatment 21
therapist 96,treatment 28
therapist 96,treatment 33
therapist 96,treatment 34
therapist 96,treatment 36
therapist 96,treatment 5
therapist 96,treatment 6
therapist 96,treatment 67
therapist 96,treatment 73
therapist 97,treatment 100
therapist 97,treatment 20
therapist 97,treatment 27
therapist 97,treatment 28
therapist 97,treatment 3
therapist 97,treatment 33
therapist 97,treatment 34
therapist 97,treatment 36
therapist 97,treatment 37
therapist 97,treatment 38
therapist 97,treatment 39
therapist 97,treatment 5
therapist 98,treatment 11
therapist 98,treatment 15
therapist 98,treatment 17
therapist 98,treatment 18
therapist 98,treatment 2
therapist 98,treatment 20
therapist 98,treatment 22
therapist 98,treatment 24
therapist 98,treatment 28
therapist 98,treatment 33
therapist 98,treatment 34
therapist 98,treatment 36
therapist 98,treatment 39
therapist 98,treatment 40
therapist 98,treatment 5
therapist 98,treatment 70
therapist 98,treatment 76
therapist 98,treatment 77
therapist 98,treatment 85
therapist 98,treatment 9
therapist 98,treatment 98
therapist 99,treatment 6
