Run_ID,Department,Method,Jan_Count,Feb_Count,Mar_Count,Total_Placed,Jan_Coverage_Pct,Score,Runtime_Sec
1,RST ROMB CCL,Hartmann GA 1998,651,563,0,1214,100.0,9325000,22.21
1,RST ROMB CCL,Hartmann GA 2002,651,566,0,1217,100.0,9340000,22.21
1,RST ROMB CCL,Simulated Annealing,651,559,0,1210,100.0,9305000,22.21
1,RST ROMB CCL,GNN Heuristic,651,549,0,1200,100.0,9255000,22.21
1,RST ROMB CCL,DRL Policy,651,533,0,1184,100.0,9175000,22.21
1,RST ROMB CCL,Average Human,651,555,0,1206,100.0,9285000,22.21
1,RST ROMB CCL,Smart Human,651,532,0,1183,100.0,9170000,22.21
1,RST ROMB HRS,Hartmann GA 1998,321,304,261,886,100.0,4991000,32.79
1,RST ROMB HRS,Hartmann GA 2002,321,304,261,886,100.0,4991000,32.79
1,RST ROMB HRS,Simulated Annealing,321,304,260,885,100.0,4990000,32.79
1,RST ROMB HRS,GNN Heuristic,321,304,255,880,100.0,4985000,32.79
1,RST ROMB HRS,DRL Policy,321,304,248,873,100.0,4978000,32.79
1,RST ROMB HRS,Average Human,321,304,252,877,100.0,4982000,32.79
1,RST ROMB HRS,Smart Human,321,304,249,874,100.0,4979000,32.79
2,RST ROMB CCL,Hartmann GA 1998,651,563,0,1214,100.0,9325000,22.01
2,RST ROMB CCL,Hartmann GA 2002,651,562,0,1213,100.0,9320000,22.01
2,RST ROMB CCL,Simulated Annealing,651,554,0,1205,100.0,9280000,22.01
2,RST ROMB CCL,GNN Heuristic,651,549,0,1200,100.0,9255000,22.01
2,RST ROMB CCL,DRL Policy,651,533,0,1184,100.0,9175000,22.01
2,RST ROMB CCL,Average Human,651,555,0,1206,100.0,9285000,22.01
2,RST ROMB CCL,Smart Human,651,532,0,1183,100.0,9170000,22.01
2,RST ROMB HRS,Hartmann GA 1998,321,304,260,885,100.0,4990000,32.7
2,RST ROMB HRS,Hartmann GA 2002,321,304,259,884,100.0,4989000,32.7
2,RST ROMB HRS,Simulated Annealing,321,304,259,884,100.0,4989000,32.7
2,RST ROMB HRS,GNN Heuristic,321,304,255,880,100.0,4985000,32.7
2,RST ROMB HRS,DRL Policy,321,304,248,873,100.0,4978000,32.7
2,RST ROMB HRS,Average Human,321,304,252,877,100.0,4982000,32.7
2,RST ROMB HRS,Smart Human,321,304,249,874,100.0,4979000,32.7
3,RST ROMB CCL,Hartmann GA 1998,651,564,0,1215,100.0,9330000,22.0
3,RST ROMB CCL,Hartmann GA 2002,651,564,0,1215,100.0,9330000,22.0
3,RST ROMB CCL,Simulated Annealing,651,554,0,1205,100.0,9280000,22.0
3,RST ROMB CCL,GNN Heuristic,651,549,0,1200,100.0,9255000,22.0
3,RST ROMB CCL,DRL Policy,651,533,0,1184,100.0,9175000,22.0
3,RST ROMB CCL,Average Human,651,555,0,1206,100.0,9285000,22.0
3,RST ROMB CCL,Smart Human,651,532,0,1183,100.0,9170000,22.0
3,RST ROMB HRS,Hartmann GA 1998,321,304,258,883,100.0,4988000,32.96
3,RST ROMB HRS,Hartmann GA 2002,321,304,263,888,100.0,4993000,32.96
3,RST ROMB HRS,Simulated Annealing,321,304,259,884,100.0,4989000,32.96
3,RST ROMB HRS,GNN Heuristic,321,304,255,880,100.0,4985000,32.96
3,RST ROMB HRS,DRL Policy,321,304,248,873,100.0,4978000,32.96
3,RST ROMB HRS,Average Human,321,304,252,877,100.0,4982000,32.96
3,RST ROMB HRS,Smart Human,321,304,249,874,100.0,4979000,32.96
4,RST ROMB CCL,Hartmann GA 1998,651,564,0,1215,100.0,9330000,22.02
4,RST ROMB CCL,Hartmann GA 2002,651,565,0,1216,100.0,9335000,22.02
4,RST ROMB CCL,Simulated Annealing,651,555,0,1206,100.0,9285000,22.02
4,RST ROMB CCL,GNN Heuristic,651,549,0,1200,100.0,9255000,22.02
4,RST ROMB CCL,DRL Policy,651,533,0,1184,100.0,9175000,22.02
4,RST ROMB CCL,Average Human,651,555,0,1206,100.0,9285000,22.02
4,RST ROMB CCL,Smart Human,651,532,0,1183,100.0,9170000,22.02
4,RST ROMB HRS,Hartmann GA 1998,321,304,259,884,100.0,4989000,32.75
4,RST ROMB HRS,Hartmann GA 2002,321,304,262,887,100.0,4992000,32.75
4,RST ROMB HRS,Simulated Annealing,321,304,257,882,100.0,4987000,32.75
4,RST ROMB HRS,GNN Heuristic,321,304,255,880,100.0,4985000,32.75
4,RST ROMB HRS,DRL Policy,321,304,248,873,100.0,4978000,32.75
4,RST ROMB HRS,Average Human,321,304,252,877,100.0,4982000,32.75
4,RST ROMB HRS,Smart Human,321,304,249,874,100.0,4979000,32.75
5,RST ROMB CCL,Hartmann GA 1998,651,561,0,1212,100.0,9315000,22.02
5,RST ROMB CCL,Hartmann GA 2002,651,566,0,1217,100.0,9340000,22.02
5,RST ROMB CCL,Simulated Annealing,651,560,0,1211,100.0,9310000,22.02
5,RST ROMB CCL,GNN Heuristic,651,549,0,1200,100.0,9255000,22.02
5,RST ROMB CCL,DRL Policy,651,533,0,1184,100.0,9175000,22.02
5,RST ROMB CCL,Average Human,651,555,0,1206,100.0,9285000,22.02
5,RST ROMB CCL,Smart Human,651,532,0,1183,100.0,9170000,22.02
5,RST ROMB HRS,Hartmann GA 1998,321,304,259,884,100.0,4989000,32.59
5,RST ROMB HRS,Hartmann GA 2002,321,304,259,884,100.0,4989000,32.59
5,RST ROMB HRS,Simulated Annealing,321,304,260,885,100.0,4990000,32.59
5,RST ROMB HRS,GNN Heuristic,321,304,255,880,100.0,4985000,32.59
5,RST ROMB HRS,DRL Policy,321,304,248,873,100.0,4978000,32.59
5,RST ROMB HRS,Average Human,321,304,252,877,100.0,4982000,32.59
5,RST ROMB HRS,Smart Human,321,304,249,874,100.0,4979000,32.59
6,RST ROMB CCL,Hartmann GA 1998,651,562,0,1213,100.0,9320000,21.96
6,RST ROMB CCL,Hartmann GA 2002,651,563,0,1214,100.0,9325000,21.96
6,RST ROMB CCL,Simulated Annealing,651,557,0,1208,100.0,9295000,21.96
6,RST ROMB CCL,GNN Heuristic,651,549,0,1200,100.0,9255000,21.96
6,RST ROMB CCL,DRL Policy,651,533,0,1184,100.0,9175000,21.96
6,RST ROMB CCL,Average Human,651,555,0,1206,100.0,9285000,21.96
6,RST ROMB CCL,Smart Human,651,532,0,1183,100.0,9170000,21.96
6,RST ROMB HRS,Hartmann GA 1998,321,304,261,886,100.0,4991000,32.89
6,RST ROMB HRS,Hartmann GA 2002,321,304,260,885,100.0,4990000,32.89
6,RST ROMB HRS,Simulated Annealing,321,304,257,882,100.0,4987000,32.89
6,RST ROMB HRS,GNN Heuristic,321,304,255,880,100.0,4985000,32.89
6,RST ROMB HRS,DRL Policy,321,304,248,873,100.0,4978000,32.89
6,RST ROMB HRS,Average Human,321,304,252,877,100.0,4982000,32.89
6,RST ROMB HRS,Smart Human,321,304,249,874,100.0,4979000,32.89
7,RST ROMB CCL,Hartmann GA 1998,651,564,0,1215,100.0,9330000,22.05
7,RST ROMB CCL,Hartmann GA 2002,651,563,0,1214,100.0,9325000,22.05
7,RST ROMB CCL,Simulated Annealing,651,562,0,1213,100.0,9320000,22.05
7,RST ROMB CCL,GNN Heuristic,651,549,0,1200,100.0,9255000,22.05
7,RST ROMB CCL,DRL Policy,651,533,0,1184,100.0,9175000,22.05
7,RST ROMB CCL,Average Human,651,555,0,1206,100.0,9285000,22.05
7,RST ROMB CCL,Smart Human,651,532,0,1183,100.0,9170000,22.05
7,RST ROMB HRS,Hartmann GA 1998,321,304,256,881,100.0,4986000,32.89
7,RST ROMB HRS,Hartmann GA 2002,321,304,263,888,100.0,4993000,32.89
7,RST ROMB HRS,Simulated Annealing,321,304,259,884,100.0,4989000,32.89
7,RST ROMB HRS,GNN Heuristic,321,304,255,880,100.0,4985000,32.89
7,RST ROMB HRS,DRL Policy,321,304,248,873,100.0,4978000,32.89
7,RST ROMB HRS,Average Human,321,304,252,877,100.0,4982000,32.89
7,RST ROMB HRS,Smart Human,321,304,249,874,100.0,4979000,32.89
8,RST ROMB CCL,Hartmann GA 1998,651,564,0,1215,100.0,9330000,21.94
8,RST ROMB CCL,Hartmann GA 2002,651,565,0,1216,100.0,9335000,21.94
8,RST ROMB CCL,Simulated Annealing,651,559,0,1210,100.0,9305000,21.94
8,RST ROMB CCL,GNN Heuristic,651,549,0,1200,100.0,9255000,21.94
8,RST ROMB CCL,DRL Policy,651,533,0,1184,100.0,9175000,21.94
8,RST ROMB CCL,Average Human,651,555,0,1206,100.0,9285000,21.94
8,RST ROMB CCL,Smart Human,651,532,0,1183,100.0,9170000,21.94
8,RST ROMB HRS,Hartmann GA 1998,321,304,257,882,100.0,4987000,32.56
8,RST ROMB HRS,Hartmann GA 2002,321,304,260,885,100.0,4990000,32.56
8,RST ROMB HRS,Simulated Annealing,321,304,260,885,100.0,4990000,32.56
8,RST ROMB HRS,GNN Heuristic,321,304,255,880,100.0,4985000,32.56
8,RST ROMB HRS,DRL Policy,321,304,248,873,100.0,4978000,32.56
8,RST ROMB HRS,Average Human,321,304,252,877,100.0,4982000,32.56
8,RST ROMB HRS,Smart Human,321,304,249,874,100.0,4979000,32.56
9,RST ROMB CCL,Hartmann GA 1998,651,561,0,1212,100.0,9315000,21.99
9,RST ROMB CCL,Hartmann GA 2002,651,564,0,1215,100.0,9330000,21.99
9,RST ROMB CCL,Simulated Annealing,651,559,0,1210,100.0,9305000,21.99
9,RST ROMB CCL,GNN Heuristic,651,549,0,1200,100.0,9255000,21.99
9,RST ROMB CCL,DRL Policy,651,533,0,1184,100.0,9175000,21.99
9,RST ROMB CCL,Average Human,651,555,0,1206,100.0,9285000,21.99
9,RST ROMB CCL,Smart Human,651,532,0,1183,100.0,9170000,21.99
9,RST ROMB HRS,Hartmann GA 1998,321,304,261,886,100.0,4991000,32.87
9,RST ROMB HRS,Hartmann GA 2002,321,304,260,885,100.0,4990000,32.87
9,RST ROMB HRS,Simulated Annealing,321,304,259,884,100.0,4989000,32.87
9,RST ROMB HRS,GNN Heuristic,321,304,255,880,100.0,4985000,32.87
9,RST ROMB HRS,DRL Policy,321,304,248,873,100.0,4978000,32.87
9,RST ROMB HRS,Average Human,321,304,252,877,100.0,4982000,32.87
9,RST ROMB HRS,Smart Human,321,304,249,874,100.0,4979000,32.87
10,RST ROMB CCL,Hartmann GA 1998,651,562,0,1213,100.0,9320000,22.08
10,RST ROMB CCL,Hartmann GA 2002,651,563,0,1214,100.0,9325000,22.08
10,RST ROMB CCL,Simulated Annealing,651,558,0,1209,100.0,9300000,22.08
10,RST ROMB CCL,GNN Heuristic,651,549,0,1200,100.0,9255000,22.08
10,RST ROMB CCL,DRL Policy,651,533,0,1184,100.0,9175000,22.08
10,RST ROMB CCL,Average Human,651,555,0,1206,100.0,9285000,22.08
10,RST ROMB CCL,Smart Human,651,532,0,1183,100.0,9170000,22.08
10,RST ROMB HRS,Hartmann GA 1998,321,304,258,883,100.0,4988000,32.51
10,RST ROMB HRS,Hartmann GA 2002,321,304,260,885,100.0,4990000,32.51
10,RST ROMB HRS,Simulated Annealing,321,304,258,883,100.0,4988000,32.51
10,RST ROMB HRS,GNN Heuristic,321,304,255,880,100.0,4985000,32.51
10,RST ROMB HRS,DRL Policy,321,304,248,873,100.0,4978000,32.51
10,RST ROMB HRS,Average Human,321,304,252,877,100.0,4982000,32.51
10,RST ROMB HRS,Smart Human,321,304,249,874,100.0,4979000,32.51
11,RST ROMB CCL,Hartmann GA 1998,651,567,0,1218,100.0,9345000,22.0
11,RST ROMB CCL,Hartmann GA 2002,651,562,0,1213,100.0,9320000,22.0
11,RST ROMB CCL,Simulated Annealing,651,557,0,1208,100.0,9295000,22.0
11,RST ROMB CCL,GNN Heuristic,651,549,0,1200,100.0,9255000,22.0
11,RST ROMB CCL,DRL Policy,651,533,0,1184,100.0,9175000,22.0
11,RST ROMB CCL,Average Human,651,555,0,1206,100.0,9285000,22.0
11,RST ROMB CCL,Smart Human,651,532,0,1183,100.0,9170000,22.0
11,RST ROMB HRS,Hartmann GA 1998,321,304,262,887,100.0,4992000,32.64
11,RST ROMB HRS,Hartmann GA 2002,321,304,261,886,100.0,4991000,32.64
11,RST ROMB HRS,Simulated Annealing,321,304,260,885,100.0,4990000,32.64
11,RST ROMB HRS,GNN Heuristic,321,304,255,880,100.0,4985000,32.64
11,RST ROMB HRS,DRL Policy,321,304,248,873,100.0,4978000,32.64
11,RST ROMB HRS,Average Human,321,304,252,877,100.0,4982000,32.64
11,RST ROMB HRS,Smart Human,321,304,249,874,100.0,4979000,32.64
12,RST ROMB CCL,Hartmann GA 1998,651,563,0,1214,100.0,9325000,22.02
12,RST ROMB CCL,Hartmann GA 2002,651,565,0,1216,100.0,9335000,22.02
12,RST ROMB CCL,Simulated Annealing,651,559,0,1210,100.0,9305000,22.02
12,RST ROMB CCL,GNN Heuristic,651,549,0,1200,100.0,9255000,22.02
12,RST ROMB CCL,DRL Policy,651,533,0,1184,100.0,9175000,22.02
12,RST ROMB CCL,Average Human,651,555,0,1206,100.0,9285000,22.02
12,RST ROMB CCL,Smart Human,651,532,0,1183,100.0,9170000,22.02
12,RST ROMB HRS,Hartmann GA 1998,321,304,263,888,100.0,4993000,32.67
12,RST ROMB HRS,Hartmann GA 2002,321,304,259,884,100.0,4989000,32.67
12,RST ROMB HRS,Simulated Annealing,321,304,261,886,100.0,4991000,32.67
12,RST ROMB HRS,GNN Heuristic,321,304,255,880,100.0,4985000,32.67
12,RST ROMB HRS,DRL Policy,321,304,248,873,100.0,4978000,32.67
12,RST ROMB HRS,Average Human,321,304,252,877,100.0,4982000,32.67
12,RST ROMB HRS,Smart Human,321,304,249,874,100.0,4979000,32.67
13,RST ROMB CCL,Hartmann GA 1998,651,566,0,1217,100.0,9340000,22.0
13,RST ROMB CCL,Hartmann GA 2002,651,564,0,1215,100.0,9330000,22.0
13,RST ROMB CCL,Simulated Annealing,651,558,0,1209,100.0,9300000,22.0
13,RST ROMB CCL,GNN Heuristic,651,549,0,1200,100.0,9255000,22.0
13,RST ROMB CCL,DRL Policy,651,533,0,1184,100.0,9175000,22.0
13,RST ROMB CCL,Average Human,651,555,0,1206,100.0,9285000,22.0
13,RST ROMB CCL,Smart Human,651,532,0,1183,100.0,9170000,22.0
13,RST ROMB HRS,Hartmann GA 1998,321,304,260,885,100.0,4990000,32.62
13,RST ROMB HRS,Hartmann GA 2002,321,304,261,886,100.0,4991000,32.62
13,RST ROMB HRS,Simulated Annealing,321,304,255,880,100.0,4985000,32.62
13,RST ROMB HRS,GNN Heuristic,321,304,255,880,100.0,4985000,32.62
13,RST ROMB HRS,DRL Policy,321,304,248,873,100.0,4978000,32.62
13,RST ROMB HRS,Average Human,321,304,252,877,100.0,4982000,32.62
13,RST ROMB HRS,Smart Human,321,304,249,874,100.0,4979000,32.62
14,RST ROMB CCL,Hartmann GA 1998,651,563,0,1214,100.0,9325000,22.0
14,RST ROMB CCL,Hartmann GA 2002,651,563,0,1214,100.0,9325000,22.0
14,RST ROMB CCL,Simulated Annealing,651,556,0,1207,100.0,9290000,22.0
14,RST ROMB CCL,GNN Heuristic,651,549,0,1200,100.0,9255000,22.0
14,RST ROMB CCL,DRL Policy,651,533,0,1184,100.0,9175000,22.0
14,RST ROMB CCL,Average Human,651,555,0,1206,100.0,9285000,22.0
14,RST ROMB CCL,Smart Human,651,532,0,1183,100.0,9170000,22.0
14,RST ROMB HRS,Hartmann GA 1998,321,304,262,887,100.0,4992000,32.71
14,RST ROMB HRS,Hartmann GA 2002,321,304,261,886,100.0,4991000,32.71
14,RST ROMB HRS,Simulated Annealing,321,304,260,885,100.0,4990000,32.71
14,RST ROMB HRS,GNN Heuristic,321,304,255,880,100.0,4985000,32.71
14,RST ROMB HRS,DRL Policy,321,304,248,873,100.0,4978000,32.71
14,RST ROMB HRS,Average Human,321,304,252,877,100.0,4982000,32.71
14,RST ROMB HRS,Smart Human,321,304,249,874,100.0,4979000,32.71
15,RST ROMB CCL,Hartmann GA 1998,651,562,0,1213,100.0,9320000,22.03
15,RST ROMB CCL,Hartmann GA 2002,651,562,0,1213,100.0,9320000,22.03
15,RST ROMB CCL,Simulated Annealing,651,557,0,1208,100.0,9295000,22.03
15,RST ROMB CCL,GNN Heuristic,651,549,0,1200,100.0,9255000,22.03
15,RST ROMB CCL,DRL Policy,651,533,0,1184,100.0,9175000,22.03
15,RST ROMB CCL,Average Human,651,555,0,1206,100.0,9285000,22.03
15,RST ROMB CCL,Smart Human,651,532,0,1183,100.0,9170000,22.03
15,RST ROMB HRS,Hartmann GA 1998,321,304,260,885,100.0,4990000,32.71
15,RST ROMB HRS,Hartmann GA 2002,321,304,262,887,100.0,4992000,32.71
15,RST ROMB HRS,Simulated Annealing,321,304,260,885,100.0,4990000,32.71
15,RST ROMB HRS,GNN Heuristic,321,304,255,880,100.0,4985000,32.71
15,RST ROMB HRS,DRL Policy,321,304,248,873,100.0,4978000,32.71
15,RST ROMB HRS,Average Human,321,304,252,877,100.0,4982000,32.71
15,RST ROMB HRS,Smart Human,321,304,249,874,100.0,4979000,32.71
16,RST ROMB CCL,Hartmann GA 1998,651,564,0,1215,100.0,9330000,22.03
16,RST ROMB CCL,Hartmann GA 2002,651,564,0,1215,100.0,9330000,22.03
16,RST ROMB CCL,Simulated Annealing,651,562,0,1213,100.0,9320000,22.03
16,RST ROMB CCL,GNN Heuristic,651,549,0,1200,100.0,9255000,22.03
16,RST ROMB CCL,DRL Policy,651,533,0,1184,100.0,9175000,22.03
16,RST ROMB CCL,Average Human,651,555,0,1206,100.0,9285000,22.03
16,RST ROMB CCL,Smart Human,651,532,0,1183,100.0,9170000,22.03
16,RST ROMB HRS,Hartmann GA 1998,321,304,262,887,100.0,4992000,32.56
16,RST ROMB HRS,Hartmann GA 2002,321,304,262,887,100.0,4992000,32.56
16,RST ROMB HRS,Simulated Annealing,321,304,257,882,100.0,4987000,32.56
16,RST ROMB HRS,GNN Heuristic,321,304,255,880,100.0,4985000,32.56
16,RST ROMB HRS,DRL Policy,321,304,248,873,100.0,4978000,32.56
16,RST ROMB HRS,Average Human,321,304,252,877,100.0,4982000,32.56
16,RST ROMB HRS,Smart Human,321,304,249,874,100.0,4979000,32.56
17,RST ROMB CCL,Hartmann GA 1998,651,563,0,1214,100.0,9325000,21.92
17,RST ROMB CCL,Hartmann GA 2002,651,562,0,1213,100.0,9320000,21.92
17,RST ROMB CCL,Simulated Annealing,651,560,0,1211,100.0,9310000,21.92
17,RST ROMB CCL,GNN Heuristic,651,549,0,1200,100.0,9255000,21.92
17,RST ROMB CCL,DRL Policy,651,533,0,1184,100.0,9175000,21.92
17,RST ROMB CCL,Average Human,651,555,0,1206,100.0,9285000,21.92
17,RST ROMB CCL,Smart Human,651,532,0,1183,100.0,9170000,21.92
17,RST ROMB HRS,Hartmann GA 1998,321,304,262,887,100.0,4992000,32.6
17,RST ROMB HRS,Hartmann GA 2002,321,304,262,887,100.0,4992000,32.6
17,RST ROMB HRS,Simulated Annealing,321,304,259,884,100.0,4989000,32.6
17,RST ROMB HRS,GNN Heuristic,321,304,255,880,100.0,4985000,32.6
17,RST ROMB HRS,DRL Policy,321,304,248,873,100.0,4978000,32.6
17,RST ROMB HRS,Average Human,321,304,252,877,100.0,4982000,32.6
17,RST ROMB HRS,Smart Human,321,304,249,874,100.0,4979000,32.6
18,RST ROMB CCL,Hartmann GA 1998,651,562,0,1213,100.0,9320000,22.03
18,RST ROMB CCL,Hartmann GA 2002,651,561,0,1212,100.0,9315000,22.03
18,RST ROMB CCL,Simulated Annealing,651,557,0,1208,100.0,9295000,22.03
18,RST ROMB CCL,GNN Heuristic,651,549,0,1200,100.0,9255000,22.03
18,RST ROMB CCL,DRL Policy,651,533,0,1184,100.0,9175000,22.03
18,RST ROMB CCL,Average Human,651,555,0,1206,100.0,9285000,22.03
18,RST ROMB CCL,Smart Human,651,532,0,1183,100.0,9170000,22.03
18,RST ROMB HRS,Hartmann GA 1998,321,304,261,886,100.0,4991000,32.67
18,RST ROMB HRS,Hartmann GA 2002,321,304,264,889,100.0,4994000,32.67
18,RST ROMB HRS,Simulated Annealing,321,304,257,882,100.0,4987000,32.67
18,RST ROMB HRS,GNN Heuristic,321,304,255,880,100.0,4985000,32.67
18,RST ROMB HRS,DRL Policy,321,304,248,873,100.0,4978000,32.67
18,RST ROMB HRS,Average Human,321,304,252,877,100.0,4982000,32.67
18,RST ROMB HRS,Smart Human,321,304,249,874,100.0,4979000,32.67
19,RST ROMB CCL,Hartmann GA 1998,651,564,0,1215,100.0,9330000,22.01
19,RST ROMB CCL,Hartmann GA 2002,651,564,0,1215,100.0,9330000,22.01
19,RST ROMB CCL,Simulated Annealing,651,561,0,1212,100.0,9315000,22.01
19,RST ROMB CCL,GNN Heuristic,651,549,0,1200,100.0,9255000,22.01
19,RST ROMB CCL,DRL Policy,651,533,0,1184,100.0,9175000,22.01
19,RST ROMB CCL,Average Human,651,555,0,1206,100.0,9285000,22.01
19,RST ROMB CCL,Smart Human,651,532,0,1183,100.0,9170000,22.01
19,RST ROMB HRS,Hartmann GA 1998,321,304,261,886,100.0,4991000,32.91
19,RST ROMB HRS,Hartmann GA 2002,321,304,260,885,100.0,4990000,32.91
19,RST ROMB HRS,Simulated Annealing,321,304,259,884,100.0,4989000,32.91
19,RST ROMB HRS,GNN Heuristic,321,304,255,880,100.0,4985000,32.91
19,RST ROMB HRS,DRL Policy,321,304,248,873,100.0,4978000,32.91
19,RST ROMB HRS,Average Human,321,304,252,877,100.0,4982000,32.91
19,RST ROMB HRS,Smart Human,321,304,249,874,100.0,4979000,32.91
20,RST ROMB CCL,Hartmann GA 1998,651,563,0,1214,100.0,9325000,21.98
20,RST ROMB CCL,Hartmann GA 2002,651,564,0,1215,100.0,9330000,21.98
20,RST ROMB CCL,Simulated Annealing,651,553,0,1204,100.0,9275000,21.98
20,RST ROMB CCL,GNN Heuristic,651,549,0,1200,100.0,9255000,21.98
20,RST ROMB CCL,DRL Policy,651,533,0,1184,100.0,9175000,21.98
20,RST ROMB CCL,Average Human,651,555,0,1206,100.0,9285000,21.98
20,RST ROMB CCL,Smart Human,651,532,0,1183,100.0,9170000,21.98
20,RST ROMB HRS,Hartmann GA 1998,321,304,260,885,100.0,4990000,32.7
20,RST ROMB HRS,Hartmann GA 2002,321,304,259,884,100.0,4989000,32.7
20,RST ROMB HRS,Simulated Annealing,321,304,261,886,100.0,4991000,32.7
20,RST ROMB HRS,GNN Heuristic,321,304,255,880,100.0,4985000,32.7
20,RST ROMB HRS,DRL Policy,321,304,248,873,100.0,4978000,32.7
20,RST ROMB HRS,Average Human,321,304,252,877,100.0,4982000,32.7
20,RST ROMB HRS,Smart Human,321,304,249,874,100.0,4979000,32.7
21,RST ROMB CCL,Hartmann GA 1998,651,563,0,1214,100.0,9325000,21.98
21,RST ROMB CCL,Hartmann GA 2002,651,565,0,1216,100.0,9335000,21.98
21,RST ROMB CCL,Simulated Annealing,651,557,0,1208,100.0,9295000,21.98
21,RST ROMB CCL,GNN Heuristic,651,549,0,1200,100.0,9255000,21.98
21,RST ROMB CCL,DRL Policy,651,533,0,1184,100.0,9175000,21.98
21,RST ROMB CCL,Average Human,651,555,0,1206,100.0,9285000,21.98
21,RST ROMB CCL,Smart Human,651,532,0,1183,100.0,9170000,21.98
21,RST ROMB HRS,Hartmann GA 1998,321,304,263,888,100.0,4993000,32.66
21,RST ROMB HRS,Hartmann GA 2002,321,304,263,888,100.0,4993000,32.66
21,RST ROMB HRS,Simulated Annealing,321,304,260,885,100.0,4990000,32.66
21,RST ROMB HRS,GNN Heuristic,321,304,255,880,100.0,4985000,32.66
21,RST ROMB HRS,DRL Policy,321,304,248,873,100.0,4978000,32.66
21,RST ROMB HRS,Average Human,321,304,252,877,100.0,4982000,32.66
21,RST ROMB HRS,Smart Human,321,304,249,874,100.0,4979000,32.66
22,RST ROMB CCL,Hartmann GA 1998,651,562,0,1213,100.0,9320000,22.01
22,RST ROMB CCL,Hartmann GA 2002,651,565,0,1216,100.0,9335000,22.01
22,RST ROMB CCL,Simulated Annealing,651,559,0,1210,100.0,9305000,22.01
22,RST ROMB CCL,GNN Heuristic,651,549,0,1200,100.0,9255000,22.01
22,RST ROMB CCL,DRL Policy,651,533,0,1184,100.0,9175000,22.01
22,RST ROMB CCL,Average Human,651,555,0,1206,100.0,9285000,22.01
22,RST ROMB CCL,Smart Human,651,532,0,1183,100.0,9170000,22.01
22,RST ROMB HRS,Hartmann GA 1998,321,304,260,885,100.0,4990000,32.98
22,RST ROMB HRS,Hartmann GA 2002,321,304,262,887,100.0,4992000,32.98
22,RST ROMB HRS,Simulated Annealing,321,304,259,884,100.0,4989000,32.98
22,RST ROMB HRS,GNN Heuristic,321,304,255,880,100.0,4985000,32.98
22,RST ROMB HRS,DRL Policy,321,304,248,873,100.0,4978000,32.98
22,RST ROMB HRS,Average Human,321,304,252,877,100.0,4982000,32.98
22,RST ROMB HRS,Smart Human,321,304,249,874,100.0,4979000,32.98
23,RST ROMB CCL,Hartmann GA 1998,651,561,0,1212,100.0,9315000,22.03
23,RST ROMB CCL,Hartmann GA 2002,651,562,0,1213,100.0,9320000,22.03
23,RST ROMB CCL,Simulated Annealing,651,558,0,1209,100.0,9300000,22.03
23,RST ROMB CCL,GNN Heuristic,651,549,0,1200,100.0,9255000,22.03
23,RST ROMB CCL,DRL Policy,651,533,0,1184,100.0,9175000,22.03
23,RST ROMB CCL,Average Human,651,555,0,1206,100.0,9285000,22.03
23,RST ROMB CCL,Smart Human,651,532,0,1183,100.0,9170000,22.03
23,RST ROMB HRS,Hartmann GA 1998,321,304,262,887,100.0,4992000,32.82
23,RST ROMB HRS,Hartmann GA 2002,321,304,262,887,100.0,4992000,32.82
23,RST ROMB HRS,Simulated Annealing,321,304,261,886,100.0,4991000,32.82
23,RST ROMB HRS,GNN Heuristic,321,304,255,880,100.0,4985000,32.82
23,RST ROMB HRS,DRL Policy,321,304,248,873,100.0,4978000,32.82
23,RST ROMB HRS,Average Human,321,304,252,877,100.0,4982000,32.82
23,RST ROMB HRS,Smart Human,321,304,249,874,100.0,4979000,32.82
24,RST ROMB CCL,Hartmann GA 1998,651,564,0,1215,100.0,9330000,22.02
24,RST ROMB CCL,Hartmann GA 2002,651,561,0,1212,100.0,9315000,22.02
24,RST ROMB CCL,Simulated Annealing,651,558,0,1209,100.0,9300000,22.02
24,RST ROMB CCL,GNN Heuristic,651,549,0,1200,100.0,9255000,22.02
24,RST ROMB CCL,DRL Policy,651,533,0,1184,100.0,9175000,22.02
24,RST ROMB CCL,Average Human,651,555,0,1206,100.0,9285000,22.02
24,RST ROMB CCL,Smart Human,651,532,0,1183,100.0,9170000,22.02
24,RST ROMB HRS,Hartmann GA 1998,321,304,258,883,100.0,4988000,32.96
24,RST ROMB HRS,Hartmann GA 2002,321,304,260,885,100.0,4990000,32.96
24,RST ROMB HRS,Simulated Annealing,321,304,258,883,100.0,4988000,32.96
24,RST ROMB HRS,GNN Heuristic,321,304,255,880,100.0,4985000,32.96
24,RST ROMB HRS,DRL Policy,321,304,248,873,100.0,4978000,32.96
24,RST ROMB HRS,Average Human,321,304,252,877,100.0,4982000,32.96
24,RST ROMB HRS,Smart Human,321,304,249,874,100.0,4979000,32.96
25,RST ROMB CCL,Hartmann GA 1998,651,564,0,1215,100.0,9330000,22.03
25,RST ROMB CCL,Hartmann GA 2002,651,563,0,1214,100.0,9325000,22.03
25,RST ROMB CCL,Simulated Annealing,651,557,0,1208,100.0,9295000,22.03
25,RST ROMB CCL,GNN Heuristic,651,549,0,1200,100.0,9255000,22.03
25,RST ROMB CCL,DRL Policy,651,533,0,1184,100.0,9175000,22.03
25,RST ROMB CCL,Average Human,651,555,0,1206,100.0,9285000,22.03
25,RST ROMB CCL,Smart Human,651,532,0,1183,100.0,9170000,22.03
25,RST ROMB HRS,Hartmann GA 1998,321,304,262,887,100.0,4992000,32.63
25,RST ROMB HRS,Hartmann GA 2002,321,304,257,882,100.0,4987000,32.63
25,RST ROMB HRS,Simulated Annealing,321,304,261,886,100.0,4991000,32.63
25,RST ROMB HRS,GNN Heuristic,321,304,255,880,100.0,4985000,32.63
25,RST ROMB HRS,DRL Policy,321,304,248,873,100.0,4978000,32.63
25,RST ROMB HRS,Average Human,321,304,252,877,100.0,4982000,32.63
25,RST ROMB HRS,Smart Human,321,304,249,874,100.0,4979000,32.63
26,RST ROMB CCL,Hartmann GA 1998,651,561,0,1212,100.0,9315000,22.02
26,RST ROMB CCL,Hartmann GA 2002,651,563,0,1214,100.0,9325000,22.02
26,RST ROMB CCL,Simulated Annealing,651,559,0,1210,100.0,9305000,22.02
26,RST ROMB CCL,GNN Heuristic,651,549,0,1200,100.0,9255000,22.02
26,RST ROMB CCL,DRL Policy,651,533,0,1184,100.0,9175000,22.02
26,RST ROMB CCL,Average Human,651,555,0,1206,100.0,9285000,22.02
26,RST ROMB CCL,Smart Human,651,532,0,1183,100.0,9170000,22.02
26,RST ROMB HRS,Hartmann GA 1998,321,304,261,886,100.0,4991000,32.94
26,RST ROMB HRS,Hartmann GA 2002,321,304,258,883,100.0,4988000,32.94
26,RST ROMB HRS,Simulated Annealing,321,304,260,885,100.0,4990000,32.94
26,RST ROMB HRS,GNN Heuristic,321,304,255,880,100.0,4985000,32.94
26,RST ROMB HRS,DRL Policy,321,304,248,873,100.0,4978000,32.94
26,RST ROMB HRS,Average Human,321,304,252,877,100.0,4982000,32.94
26,RST ROMB HRS,Smart Human,321,304,249,874,100.0,4979000,32.94
27,RST ROMB CCL,Hartmann GA 1998,651,565,0,1216,100.0,9335000,22.02
27,RST ROMB CCL,Hartmann GA 2002,651,564,0,1215,100.0,9330000,22.02
27,RST ROMB CCL,Simulated Annealing,651,555,0,1206,100.0,9285000,22.02
27,RST ROMB CCL,GNN Heuristic,651,549,0,1200,100.0,9255000,22.02
27,RST ROMB CCL,DRL Policy,651,533,0,1184,100.0,9175000,22.02
27,RST ROMB CCL,Average Human,651,555,0,1206,100.0,9285000,22.02
27,RST ROMB CCL,Smart Human,651,532,0,1183,100.0,9170000,22.02
27,RST ROMB HRS,Hartmann GA 1998,321,304,260,885,100.0,4990000,32.9
27,RST ROMB HRS,Hartmann GA 2002,321,304,260,885,100.0,4990000,32.9
27,RST ROMB HRS,Simulated Annealing,321,304,256,881,100.0,4986000,32.9
27,RST ROMB HRS,GNN Heuristic,321,304,255,880,100.0,4985000,32.9
27,RST ROMB HRS,DRL Policy,321,304,248,873,100.0,4978000,32.9
27,RST ROMB HRS,Average Human,321,304,252,877,100.0,4982000,32.9
27,RST ROMB HRS,Smart Human,321,304,249,874,100.0,4979000,32.9
28,RST ROMB CCL,Hartmann GA 1998,651,562,0,1213,100.0,9320000,22.07
28,RST ROMB CCL,Hartmann GA 2002,651,563,0,1214,100.0,9325000,22.07
28,RST ROMB CCL,Simulated Annealing,651,563,0,1214,100.0,9325000,22.07
28,RST ROMB CCL,GNN Heuristic,651,549,0,1200,100.0,9255000,22.07
28,RST ROMB CCL,DRL Policy,651,533,0,1184,100.0,9175000,22.07
28,RST ROMB CCL,Average Human,651,555,0,1206,100.0,9285000,22.07
28,RST ROMB CCL,Smart Human,651,532,0,1183,100.0,9170000,22.07
28,RST ROMB HRS,Hartmann GA 1998,321,304,258,883,100.0,4988000,32.57
28,RST ROMB HRS,Hartmann GA 2002,321,304,261,886,100.0,4991000,32.57
28,RST ROMB HRS,Simulated Annealing,321,304,260,885,100.0,4990000,32.57
28,RST ROMB HRS,GNN Heuristic,321,304,255,880,100.0,4985000,32.57
28,RST ROMB HRS,DRL Policy,321,304,248,873,100.0,4978000,32.57
28,RST ROMB HRS,Average Human,321,304,252,877,100.0,4982000,32.57
28,RST ROMB HRS,Smart Human,321,304,249,874,100.0,4979000,32.57
29,RST ROMB CCL,Hartmann GA 1998,651,564,0,1215,100.0,9330000,22.0
29,RST ROMB CCL,Hartmann GA 2002,651,564,0,1215,100.0,9330000,22.0
29,RST ROMB CCL,Simulated Annealing,651,558,0,1209,100.0,9300000,22.0
29,RST ROMB CCL,GNN Heuristic,651,549,0,1200,100.0,9255000,22.0
29,RST ROMB CCL,DRL Policy,651,533,0,1184,100.0,9175000,22.0
29,RST ROMB CCL,Average Human,651,555,0,1206,100.0,9285000,22.0
29,RST ROMB CCL,Smart Human,651,532,0,1183,100.0,9170000,22.0
29,RST ROMB HRS,Hartmann GA 1998,321,304,259,884,100.0,4989000,32.59
29,RST ROMB HRS,Hartmann GA 2002,321,304,262,887,100.0,4992000,32.59
29,RST ROMB HRS,Simulated Annealing,321,304,258,883,100.0,4988000,32.59
29,RST ROMB HRS,GNN Heuristic,321,304,255,880,100.0,4985000,32.59
29,RST ROMB HRS,DRL Policy,321,304,248,873,100.0,4978000,32.59
29,RST ROMB HRS,Average Human,321,304,252,877,100.0,4982000,32.59
29,RST ROMB HRS,Smart Human,321,304,249,874,100.0,4979000,32.59
30,RST ROMB CCL,Hartmann GA 1998,651,563,0,1214,100.0,9325000,22.01
30,RST ROMB CCL,Hartmann GA 2002,651,563,0,1214,100.0,9325000,22.01
30,RST ROMB CCL,Simulated Annealing,651,555,0,1206,100.0,9285000,22.01
30,RST ROMB CCL,GNN Heuristic,651,549,0,1200,100.0,9255000,22.01
30,RST ROMB CCL,DRL Policy,651,533,0,1184,100.0,9175000,22.01
30,RST ROMB CCL,Average Human,651,555,0,1206,100.0,9285000,22.01
30,RST ROMB CCL,Smart Human,651,532,0,1183,100.0,9170000,22.01
30,RST ROMB HRS,Hartmann GA 1998,321,304,259,884,100.0,4989000,32.66
30,RST ROMB HRS,Hartmann GA 2002,321,304,260,885,100.0,4990000,32.66
30,RST ROMB HRS,Simulated Annealing,321,304,261,886,100.0,4991000,32.66
30,RST ROMB HRS,GNN Heuristic,321,304,255,880,100.0,4985000,32.66
30,RST ROMB HRS,DRL Policy,321,304,248,873,100.0,4978000,32.66
30,RST ROMB HRS,Average Human,321,304,252,877,100.0,4982000,32.66
30,RST ROMB HRS,Smart Human,321,304,249,874,100.0,4979000,32.66
